,A,B,C,D,E,F,G,H,I,J,K,L,M,N,O,P,Q,R
PI655977,0.257033844,-0.64832107,1.896942311,-0.251518169,-1.357145903,-0.143372066,0.40353648,-0.397616566,-0.152455006,-0.268133102,0.370443965,0.112116564,-0.618190747,-0.609550022,-1.382839028,-0.332541929,-0.909560266,-1.186458656
PI659693,1.936295423,0.537566266,2.664324318,1.097315992,0.12483219,0.752715958,0.799292774,1.869703933,0.861396494,0.533993415,0.980326746,1.187413165,0.435680012,1.298092966,0.77707178,1.264992187,0.397726997,-0.212869081
PI533769,0.63303016,-1.033727655,1.009806744,0.169476644,-0.448924279,-0.502688353,-0.211376048,0.15107503,-0.204317831,0.29479902,0.293598318,0.088644784,-1.086718173,0.115514628,0.088407183,0.304838738,-0.439264713,-0.931436429
PI533792,1.934264339,-0.491338894,0.17082435,0.462414993,0.299482756,0.169002619,0.396263721,0.523456272,0.563677766,0.404031313,0.904644592,1.18484916,0.041900806,0.656336922,-0.41735342,0.377181483,-0.031436979,-1.004127883
PI533877,0.860054781,-0.269428286,0.987744382,0.905315101,-0.1075929,0.216630668,0.5325286,0.599693448,0.003718013,-0.540668194,0.454021645,1.063729921,-0.263451294,-0.676002823,-0.482172743,0.817263468,-1.291226479,-0.477414589
PI533866,1.519102964,-0.745475697,0.314304604,0.062156767,-0.309554586,-0.212364938,0.432109853,0.245200619,-0.702377568,0.061534254,0.173375657,0.780548032,-0.308027796,-1.437381786,0.094530237,-0.017443203,-0.178553783,-1.622211055
PI533755,1.03543062,0.287088844,0.100759464,-0.10658632,0.345346213,0.210799747,0.774600162,0.545364732,0.118330312,0.637038839,0.799968074,1.155164657,0.58983287,1.012400948,0.089794394,-0.063905212,-0.013075946,-0.191006115
PI533921,1.194029226,0.160668191,1.456843759,1.259670458,0.931836533,-0.762700251,0.600246775,0.396144787,0.270269449,0.374820846,0.518666086,1.037968916,0.281099629,1.010254186,0.444197014,-0.11292428,0.421804253,0.000120344
PI534046,0.17114082,0.387984159,0.229447621,-0.170001171,0.251990184,0.112561308,0.101255608,-0.245698051,0.612569962,0.06685012,0.205771724,0.691451325,0.296906317,0.275176167,0.931054626,0.301039188,0.328681944,1.442645221
PI533760,0.881898568,0.450186412,0.974482583,0.643761821,0.169169389,0.175081665,0.111011783,0.23065773,0.507876419,-1.061983657,0.298281015,0.688137207,0.334218217,-0.361285785,0.204882366,0.268330224,0.075464011,0.166919924
PI641874,1.386133409,-0.362390111,-0.229676646,-0.029687165,-0.085008498,0.144310006,0.14911163,-0.096096246,-0.390962306,0.046934861,0.203207281,0.735295516,-0.124610289,0.576499861,0.583069541,0.87358203,0.145102727,-0.953713757
PI656105,1.956481523,-0.198833167,0.178402281,0.579648894,0.16298287,0.162886392,0.612081232,-0.634048521,0.57472135,-0.234749078,0.260766338,1.004310686,-0.727009476,1.077733657,0.140585473,-0.229324113,-0.732556061,-0.851437429
PI533830,0.292543449,-0.568943527,-1.054478515,0.456553895,-0.492687492,-0.212364938,0.878960177,0.125597445,0.343180242,-0.294640121,0.060133455,0.917241454,-0.414394861,1.217787847,-0.045107741,0.129501185,-0.931231264,-0.396671074
PI533762,1.719933423,0.545174186,-0.41049818,0.880685126,-0.090221402,0.138040393,0.892383197,0.565682474,0.563846166,0.130046449,0.444993301,1.21212191,0.10034911,0.757231258,0.503406155,0.114468884,-0.066996988,1.058125117
PI655982,0.803547617,-0.690401214,-0.137032676,-0.994309959,-0.392148312,-0.475501563,-0.568466525,-2.024392753,-0.848606119,-0.295301088,-0.871419083,-0.853103199,-1.234476769,-1.961924917,-2.078463998,0.028737147,-0.113839648,-1.64081544
PI576393,0.878372411,-0.654516626,0.206555139,0.016352052,-0.382310641,-0.102550072,-0.010684348,-0.565179608,0.059979469,-0.28027475,-0.441419956,-0.214286585,-0.374603676,0.01756133,0.48651755,0.030408747,-0.147220338,-0.048245297
PI656109,0.580149861,-0.360745489,-0.04731167,-0.526687936,0.233838073,0.003610124,-0.072267591,0.530702841,-0.086645095,0.344690984,-0.096901595,-0.260114605,0.214055338,0.560367437,0.545875422,0.195254003,0.599076032,-0.000120344
PI533980,0.771927763,-0.083577914,-0.980904103,0.158549171,-0.733352655,-0.596167149,0.255406288,-0.727239957,0.156368462,-0.339246787,-0.175896081,0.392571049,-0.507526647,-0.915541325,-0.825101313,0.016341553,-1.069957618,-0.876446517
PI656120,0.840821841,0.220348978,-0.224749087,-0.143572911,-0.022745832,0.131731224,0.55768716,0.362522634,-0.321514929,0.755499943,0.120291581,0.167710669,0.43640364,-0.736116604,-0.562001123,0.098460606,0.025069981,0.981234101
PI533788,0.000925498,-0.447458203,-1.059957228,-0.069352314,-1.002403637,-0.410109354,-0.264738747,-1.355550429,-0.173645557,-0.767412565,-0.342038675,-0.067523733,-1.247075198,-0.762797304,-0.484492261,-0.325880092,-1.341895161,-1.21330317
PI576366,1.266798492,-0.287334556,0.706607233,-0.36282806,-0.108275756,0.216630668,0.500163316,0.453628224,0.132557678,0.016163402,0.250571218,0.604205784,-0.222249432,-0.535071957,0.357079207,0.628838156,-0.003992846,0.285712209
PI533833,0.577632285,-0.550688683,-0.808588035,0.836061552,0.002123981,0.256521997,0.366631923,0.842390029,0.313228819,0.543183647,0.654950479,0.832890018,0.151120302,0.370594232,0.99689527,0.688064881,0.482192058,0.783532136
PI533961,1.697378594,0.585007473,1.614716934,1.094803425,0.551166581,0.648866017,0.961079729,1.175220866,1.045059952,0.518559006,1.218153524,1.688561554,0.697201192,1.41509437,0.913166827,0.644416186,0.637714771,1.701119865
PI533822,-0.136218331,0.101842676,0.244921452,-0.058158733,-0.067556534,0.099574112,0.446096095,-0.615803575,-0.393223305,-0.284589027,-0.043705894,-0.250935844,-0.235243763,0.137677316,0.632565541,0.096855977,0.413968491,1.97383241
PI656021,0.2620535,0.171993005,-0.762783401,0.42165629,-0.41360582,-0.20347599,0.194781666,-0.634285892,-0.154947524,-0.045392296,-0.186872581,-0.25423458,-0.624128249,-1.104156932,-0.092596887,-0.842938626,-1.28809937,1.156879135
PI534105,2.36816273,1.956014811,0.785508421,2.220982826,1.58387989,1.45433059,1.631140889,2.007036601,1.566495105,1.840093702,1.294740618,2.164625322,1.378060844,1.776556648,2.07657151,2.048953604,1.666880126,3.654896121
PI655975,1.951418988,0.677947101,1.242982472,1.148745146,-0.386039639,0.553933124,0.167630677,0.723796427,0.770702602,0.130182285,0.631753275,0.452602465,-0.239302783,-0.869326654,0.039739739,0.551884083,-0.742766994,1.605129797
PI597952,2.56455369,0.642861159,0.469867679,1.278223495,0.590962756,0.678607986,0.84225881,0.271237804,0.933572227,0.687764408,0.914143274,1.207242071,0.681418676,0.929733741,0.442252686,0.736105219,0.033597954,0.848556586
PI597960,0.664267709,0.578880753,1.477979709,0.924085817,0.189045038,0.524457306,0.702029469,0.578508389,0.319692081,0.303818286,0.442046254,-0.023939779,0.066100874,-0.107993652,1.008108091,0.461197047,-0.152821234,1.047948708
PI533750,1.146773923,0.083854871,0.287306239,1.432326973,0.694783645,0.19310017,0.728556223,1.001215654,0.723234746,0.364988953,0.695034837,0.85381371,0.08258981,0.468657506,-0.191291912,0.653758708,0.66748611,0.591060123
PI656110,-0.764445343,-2.110624967,-2.529763494,-1.914912664,-2.404641364,-1.997695208,-1.028314648,-3.262399331,-1.072570457,-2.326401449,-1.378387359,-1.197389847,-3.172177059,-2.411882804,-2.720495907,-2.892845226,-3.519342899,-2.328780144
PI533954,-0.945980082,-1.172866164,-0.584087178,0.772193296,-2.705240456,-0.791413322,-0.397905226,-0.002473101,-0.137637578,-1.419048161,-0.331641753,0.041477748,-0.942983952,-0.227839628,-0.985671997,-0.775371607,-1.488286214,0.739006434
PI533955,0.052636074,-0.069386102,0.35800091,-0.892607586,-0.173343972,-0.010882883,-0.193877158,-0.580777531,-0.4562287,0.292776041,0.037780779,-1.017699554,-0.432292737,0.563752675,-0.031741198,-0.984318176,0.035622652,0.268083733
PI656088,2.036000502,0.643777554,-0.159410552,1.445859023,0.400971767,0.703925794,0.69663862,1.17145419,0.067108156,0.857630756,1.006039704,0.532960772,-0.30153057,0.484399448,0.613676024,0.701152978,0.533608505,0.776291954
PI576332,0.184553951,-0.201816707,0.201080937,0.474296429,0.177031194,-0.102550072,-0.062514623,-0.225270835,-0.470108126,0.193095579,0.32685354,-0.369316588,-1.106489355,0.169910988,-0.071040085,-0.260015273,0.122499015,-1.071426607
PI595718,0.798208652,-0.084188145,0.421055817,1.048049749,-0.487535969,0.093016712,0.351480118,0.572665014,0.07210299,0.092306261,0.346140255,0.07327743,-1.018096394,0.631277333,0.002130316,0.535352349,-0.06769002,-0.416153665
PI534092,0.811692848,-0.096587693,-0.036554607,1.132256138,0.396653583,0.35233992,0.417925218,1.102000009,0.191345679,0.681400815,0.67419705,-0.115040376,-0.523056907,0.616230112,1.146177539,0.705127786,0.631724285,-0.364073676
PI576352,0.334646392,-0.095901282,-0.628840916,-0.984145083,-0.012895097,-0.151740316,-0.04364935,-0.075788661,0.028878621,-0.180137484,-0.080905425,-0.520854372,0.013697751,0.876995278,-0.553616184,-0.221620815,-0.796666653,-1.242261561
PI533799,0.392387033,-0.273472627,-0.271676218,0.102800829,-0.195521817,0.093016712,-0.598596352,-0.153285465,-0.370034778,0.024718736,-0.121393249,-1.435450243,-0.546574465,0.336801719,0.107230911,-0.808522514,0.032564456,-0.131232723
PI595714,1.414883996,-0.063493394,0.267793341,-1.176299772,0.056460965,-0.604176934,0.052491517,0.536697475,0.122032575,0.469694582,0.169102891,-0.853517228,-0.538910184,0.966458191,1.036304169,-1.11274848,0.033120109,-0.46028624
PI533996,0.8771901,-0.112390116,-0.966517097,0.539468054,-0.074195666,-0.296134821,0.176763161,0.503695254,0.598494308,-0.246022531,0.352468278,0.013928351,-0.807020557,-0.190860856,0.053075328,0.127724724,-0.252548044,-0.386056213
PI533948,1.44754959,0.455437999,-0.324745621,0.888941976,0.664588326,0.204934628,0.417925218,0.829397525,0.073828015,0.198121085,0.771696358,-0.234501647,-0.214804473,0.02620222,-0.177157939,-1.440764406,0.303321847,0.359462912
PI656005,1.714701708,-0.442232873,-1.270853455,1.001540367,0.445183796,0.387256185,0.519707912,0.826474591,1.061283664,0.584793773,0.68802246,-0.043475927,-0.377384671,0.7421062,1.054189119,0.867441428,0.157973284,-0.805616183
PI656018,0.524679903,-0.211426603,-2.463007545,0.409793348,-0.094266583,-0.692289186,0.013790439,-0.047618419,0.08387016,-0.3805747,-0.3525539,-0.650618976,-0.343281083,-0.994370631,-1.128189705,-0.722598457,-1.300398363,-1.10102581
PI576373,1.374996892,0.299536434,0.547240575,1.644570984,0.461854904,-0.110582244,1.089410901,1.126560367,1.012473775,0.630910868,0.967572466,0.498558276,0.528747761,1.855557616,-0.226459337,0.271404413,0.52642191,-0.831782985
PI533838,0.768472944,-0.656673547,-0.026784632,0.863912841,0.464171971,-0.177273618,-0.086931707,0.517440738,0.845888991,-0.111839728,0.183123975,-0.18371154,-0.722363059,0.373046412,-0.336420193,-0.611585148,0.147596707,-0.94804737
PI533754,1.30228387,-0.138717709,-0.341280896,1.053209614,0.415874373,0.38234217,0.417925218,0.489076868,0.018361135,0.981251408,0.711361783,-0.07922738,-0.716660601,0.836761317,0.533818663,0.374305407,0.805487214,-0.830683194
PI534053,1.394211118,0.610743411,-0.870341136,1.472525864,0.676926365,0.305578154,0.764549826,0.866431716,0.339303327,0.048530212,0.723909877,1.021740757,0.528267143,1.645448136,-0.883727662,-0.537452706,-0.156533583,-1.301854412
PI656007,0.45945905,-1.069037566,-1.274149455,0.750187288,0.262507764,-0.28647291,0.212481243,0.302254128,0.634745932,-0.014135492,0.293290502,0.229806228,-1.139142168,-1.003151934,-0.151392435,-0.774232062,-0.364335766,-3.666258079
PI656030,0.910332818,-0.437284109,-0.290670892,0.763167378,0.446615932,-0.033024009,-0.067689229,0.368379544,-0.159516283,0.189930023,0.526268337,-0.64077363,-0.700763624,0.137459057,-0.102990312,-0.43523325,0.487301613,-2.402935337
PI656085,1.123885937,0.702570717,-0.205296649,1.68281793,-0.202423393,0.204934628,0.804158964,1.076565453,0.26720049,0.393711949,0.876299752,1.017988453,-0.374332035,0.89319745,0.147039096,-0.185527139,-0.625822194,0.077197758
PI656042,0.404815755,-0.846399987,-2.655217792,-0.284531216,-0.694602095,-0.78261346,-0.790266043,-0.486038845,-0.670052935,-0.96304896,-0.549960589,-0.652270955,-2.423182778,-0.358162869,-0.464756473,-0.479493343,-1.137580276,-2.649662622
PI533957,1.162258696,-0.624738412,-0.97686663,1.070733107,-0.452566522,0.401854984,0.167630677,0.597099457,0.575913543,0.231803122,0.493593332,0.549498131,-1.172198359,0.928846677,0.373480987,-0.467472365,-0.12698827,-0.7879162
PI534117,1.989231625,0.003404498,-1.091987448,0.543893032,-0.068024423,0.204934628,0.55768716,0.099425121,1.516800991,0.440715531,0.612450175,0.199754384,-0.581494819,1.53272265,1.030648662,1.187961865,-0.095477276,-1.097515413
PI329440,1.179515709,0.451138469,-0.268326788,-0.106451072,-0.897989536,0.169002619,0.328313059,0.483599103,0.817786537,-0.160130471,0.96198578,0.705339648,-0.89516166,1.130625866,0.144898725,0.20820413,-0.682071793,-1.093740135
PI597980,0.450851348,0.196575303,-2.02628716,0.476079136,-0.180228402,-0.305890996,-0.356780855,0.195287225,-0.452157579,-0.240387289,0.248073445,-0.303339406,-0.970097503,1.084361064,-0.44254378,-0.213390176,-0.281224553,-1.227677715
PI595699,1.221308424,0.221363774,-0.807998169,0.959074078,-0.649972501,0.156732526,0.545186997,0.258138312,0.020646688,0.058795752,0.217137957,-0.014416621,-0.653003852,0.630836129,-0.051117709,-0.214765916,-0.310093342,-2.418789053
PI597957,-0.942229164,-3.785510361,-2.718067067,-1.531539615,-1.390097578,-1.466281634,-1.298317308,-1.952924332,-0.525332207,-1.380272514,-1.916886561,-1.356440063,-1.034073657,-0.625515918,-1.04896606,-1.193210466,-1.651192303,-4.071723187
PI656076,0.021898434,-0.725415519,-1.628904029,0.352015741,-0.42748187,-0.346164836,-0.752584373,-0.169021181,0.173507611,0.188175579,0.167556498,-0.403762066,-1.209230786,0.298116654,-0.324064772,-0.741476839,0.240766595,-2.416508589
PI533794,-0.092049193,-0.22050663,-2.629138975,-0.170063776,-1.389651046,-1.04965626,-0.46038948,-1.470178491,0.45191915,-1.029776834,-0.443115819,-0.142257352,-1.348884578,-0.93584909,-2.390096376,-0.418107568,-2.103456991,-1.932651322
PI597958,-0.245579905,-1.180259675,-1.563533911,-1.187064877,-0.871022116,-1.155380832,-0.595653148,-0.586338516,0.202447629,-0.940848792,-1.292398379,-0.528531341,-1.2630286,0.479580092,-0.735192081,-0.827048459,-0.947028741,-4.071723187
PI533841,-1.092198008,-1.123416077,-2.182358953,-0.596898526,-1.518826204,-1.197494567,-0.709832856,-2.540751256,-0.365236599,-1.126066228,-0.886450742,-0.787307554,-2.687260888,-0.95918364,-1.51309034,-0.451891692,-1.895928807,-3.458624594
PI576376,0.282619847,0.075741392,-1.639859205,0.517305436,-0.151938847,-0.212364938,0.388937681,-0.14129543,0.368698472,-1.64904366,-0.003068155,-0.177157516,-0.764675459,-0.576271756,-0.598138444,-0.311486062,-0.364142991,-4.071723187
PI576387,-0.079246355,-0.61979932,-2.570301065,-0.501772059,-2.257626568,-1.071206568,-1.382822727,-3.058519972,-1.176469699,-1.570327631,-1.297844329,-1.652941917,-1.272641438,-1.433600478,-2.433765645,-1.130835269,-2.90888405,-2.556696879
PI655990,0.373717846,-0.277537515,-0.632952285,-1.116087112,-0.769647471,-0.473079287,-0.243903614,0.155944057,0.538701338,-0.26043278,0.159710475,-0.288516163,-1.289707798,-0.23480808,0.020603671,-0.480697615,-0.439539984,-2.324905264
PI533882,-0.317986605,-0.833687954,-1.191366,-0.82918212,-0.75161025,-0.854386843,-0.764951795,-0.943080224,-0.238610797,-0.886398745,-0.497328003,-0.436002939,-1.844583791,-0.410175118,-0.619002056,-1.442383517,-1.227238999,-4.071723187
PI533976,-0.602455264,-0.446866818,-2.089385798,-0.223397737,-0.741819211,-0.944479064,-0.979528261,-1.373935014,0.330156612,-0.654245629,-0.721102467,-0.754115819,-1.156545155,-0.446081774,-0.866330409,-0.84335212,-0.279354545,-4.071723187
PI642793,0.366083988,0.084918082,-1.195014017,0.554857492,-0.791539543,0.079771485,-0.016578458,-0.197194667,-0.02443528,-0.073811845,-0.105458379,-0.124146167,-0.458737259,0.501243634,-0.706108421,-0.857546678,-0.291877303,-4.071723187
PI597967,-0.198390026,-1.823238576,-1.756456147,0.31977966,-0.437493103,-0.28647291,-0.157839769,-2.08345069,-0.357557148,-0.721612019,-0.594826513,-0.515248631,-1.462414669,0.212499555,-0.608681968,-0.243142788,-1.637531047,-4.071723187
PI540816,0.093489285,-2.321536705,-3.213069916,-0.032159214,-1.371225351,-1.215656057,-0.730830951,-1.416676865,-0.954954799,-1.41573506,-1.203926038,-0.489018329,-1.211026173,-1.504759701,-2.284380821,-1.492220827,-1.97459938,-4.071723187
PI533937,0.147576319,-2.842941113,-2.928804874,0.286869332,-1.994450558,-0.94720149,-0.635234102,-1.48520231,-0.279083833,-1.058766215,-0.492108162,-0.560859061,-2.560214227,-1.176846671,-0.555314633,-1.369726828,-1.339539831,-4.071723187
PI576381,0.707852669,-0.357046897,-2.58004561,0.04861927,-0.879140831,-0.71569809,-0.094305261,-1.492792664,0.267028649,-0.69163634,-0.521128793,-0.225924728,-1.167183461,-0.557229821,-2.51539955,-1.066022292,-1.643513656,-4.071723187
PI533810,0.861101445,-1.847889732,-2.73998819,-0.196490194,-1.827143726,-0.944014725,-0.245299981,-0.170013451,-0.099481325,-0.651237692,-1.046358696,-0.320334923,-1.961482163,-0.706197311,-0.831824941,-0.75866122,-1.168100547,-4.071723187
PI576339,-0.206567099,-0.520582475,-1.625314948,-1.272040687,-0.684332878,-0.221333608,-0.995385389,-1.4827911,-0.205107812,-0.801232016,-0.719911054,-1.437316519,-0.366924622,-0.441470113,-0.627948858,-1.122316008,-0.299694945,-2.547485743
PI533987,-0.411695471,-0.850917656,-1.722649817,0.201027056,-0.856032986,-0.467150396,-0.703473799,-0.634423247,0.010409754,-0.622596335,-0.502926948,-1.013927183,-1.830755283,0.631900708,-0.873504671,-1.372245584,-0.43871853,-2.48962742
PI597966,1.457386779,-0.530718256,-2.660837313,-0.886465616,-2.055678662,-1.02623457,-0.53706532,-1.998225159,-0.341437062,-1.280752405,-1.90236305,-1.210142314,-1.213981326,-0.684440797,-2.073118623,-0.743644999,-2.313865647,-4.071723187
PI533852,-0.530235662,-0.322740393,-1.783905102,0.478329067,-0.80268181,-0.160179185,0.001948737,0.148613563,0.428708509,0.026326178,-0.390490463,-0.342394239,-1.08032387,0.821174446,-0.246817928,-0.751411968,-0.633215513,-3.220330883
PI629034,-1.188247956,-0.98857764,-2.387832595,-0.925038571,-0.531294391,-0.929927129,-1.133311511,-1.61290329,-0.407301072,-1.231656712,-1.554367572,-1.458985253,-1.867616684,0.05942993,-0.6347313,-0.5622843,-0.859198376,-4.071723187
PI533821,-0.898348203,-0.43447327,-2.545983407,0.194656189,-1.062990596,-0.830060566,-0.367480432,-1.220317293,0.504709258,-1.678902765,-0.427139278,-0.038923516,-0.526513002,-0.191200164,-1.73420355,-0.697816516,-1.919593486,1.417048075
PI656100,0.524626681,-0.315529029,-1.622480645,1.450147343,-0.88134905,-0.185931681,1.166642249,0.413473278,1.155228752,-0.798270413,-0.090552129,0.708226478,-0.610932634,-0.619277971,-0.50796959,-0.590645036,-0.820727142,1.026939592
PI533814,-1.0013882,-2.154014519,-1.318888128,0.11609075,-0.119441919,-1.094292848,-0.94946622,-1.881514177,-0.019692325,-1.262669296,-0.266056352,-0.367402663,-1.284544519,-0.753560963,-0.751360581,-1.199969561,-0.157439115,-4.071723187
PI533986,-1.121212305,-0.424883052,-1.840567686,-0.687387532,0.005954425,-0.544701364,-0.900806361,-0.230774214,0.832836034,-0.847330835,-0.48156796,-0.159653385,-0.907157069,-0.349041949,-0.72220194,-0.394964651,-1.077439023,-3.308336589
PI655993,-1.124584728,-3.457239721,-1.946154789,-0.33811025,-1.004074242,-0.758911347,-1.302460616,-2.185033222,-0.780814021,-0.489821571,-0.822526099,-1.426013308,-1.357701504,-0.472010792,-0.490977219,-0.816678371,-1.386013678,-1.498659845
PI656116,-0.101411765,-0.239290163,-1.996394197,0.502679278,-0.100804271,-0.230383443,0.139721889,-0.350421381,0.203889287,-0.205857127,-0.262814971,-0.105608452,-0.239848607,0.933345131,-0.449982325,-1.01805104,-1.024298444,-1.592961502
PI534132,1.004396747,0.238645339,-1.289571652,-0.637231413,-0.687197817,-0.143372066,0.40353648,0.824168751,0.760641533,-0.275431723,0.635629135,0.673442556,-0.513284989,-0.476653802,-0.229459354,0.527265657,-0.528228307,-1.16906663
PI656053,0.335268027,0.451674237,-0.849076512,1.611173233,0.751099665,0.742459458,0.446096095,0.743333417,0.768025804,0.519190627,-0.036977331,-0.051779925,-0.189107927,0.221653737,0.744761101,0.163437545,0.813810437,-0.533305328
PI534115,-0.200251089,-0.834298129,-2.243335354,0.350437867,-0.216350397,-0.571054985,-0.273027159,0.193923606,0.172191574,-0.407460595,-0.041126343,-0.300501495,-1.089948826,0.063197192,-0.524896761,-0.564255186,-0.546624771,-1.767226929
PI576364,0.156768471,0.149147117,-0.205662935,1.33557144,0.930810064,0.416243722,0.022874053,0.897433599,0.7063976,0.816022214,0.550188593,-0.223437666,-0.545772427,0.711492977,1.143412018,0.256091437,1.272341962,0.002231681
PI533911,-1.906776221,-0.666931082,0.215508989,1.629958682,-0.327725301,-0.631035516,0.255406288,0.017810042,0.360448418,-0.337860097,0.089663213,-0.030658983,-1.341333389,-0.814237685,-0.620045943,-0.986032533,-0.634149729,-2.128747577
PI655998,-0.88697707,-0.223356632,0.056166589,1.197479384,-0.354493594,-0.102550072,0.033149528,-0.007456668,0.514903587,0.045847928,0.103014185,-0.327080138,-0.630004935,-0.037886956,0.456903088,-0.192625525,-0.313603796,-0.975659607
PI656108,-0.04432017,-1.175770248,-1.801157025,-0.980184984,-0.349024564,-0.185931681,0.025032565,0.054659645,0.255630911,-0.095926969,-0.15218361,-0.513904344,-1.085002248,0.695889288,0.438959377,-0.232894633,-0.524961455,-2.403133497
PI533949,0.220814805,-1.509246712,-2.457903516,0.427435813,-1.100610444,-0.980350068,-0.01729169,-0.189179763,0.152288687,-0.875766584,-0.134600528,-0.177766656,-1.534135536,-0.204961168,-0.534613723,-0.333796702,-0.944696597,-3.380280291
PI533876,1.553844144,-0.453347082,0.199945826,1.413797292,0.35408652,0.524457306,0.263774538,0.960637779,0.189647426,0.495128233,0.027376986,0.045721928,-0.512883818,2.047426254,1.011079183,0.091371326,0.849306496,-0.270303624
PI656112,0.090070806,-0.664368132,-1.300861615,0.087110584,-0.427379993,-0.248732582,-0.254980986,-0.428989464,0.49409121,-0.516418628,0.066311627,-0.476022835,-1.332820676,0.004664287,-0.540582457,-0.149653719,-0.794544471,-1.632404513
PI656058,0.237501388,-0.28601057,-0.596327254,-0.536602238,-0.524559811,-0.403573979,-0.456209981,0.290192176,0.011992987,-0.311548654,0.034503595,-0.6948866,-1.094599172,0.308562153,-0.286841856,-1.014316278,-0.248352823,-0.578702101
PI533910,0.801257094,-0.037176581,-2.047168318,0.773155543,0.35921625,-0.177273618,0.043866787,0.173079185,0.53970161,0.108690208,0.344319386,-0.146625176,-0.655932558,0.791800506,-0.097932276,-0.037746399,0.533378322,-0.174476156
PI595743,0.763759563,0.36840032,-2.151394661,0.763463214,0.059955276,0.187130003,0.111011783,-0.106991214,0.54226066,0.396693427,0.541845924,-0.589227396,-0.570324867,0.742671725,-0.057738887,-0.324746698,-0.019841682,-0.558859715
PI656020,1.502107717,-0.027302766,-0.459017515,0.819116424,-0.268188348,0.118992198,0.733778167,0.496225746,0.595704405,0.456818462,0.333364322,0.102431,-0.045235249,-0.378085902,-0.584019305,-0.089240767,-0.284795018,-2.091628196
PI533985,-0.22178535,-0.807940568,-2.324916598,0.005570868,-1.376047519,-1.196524134,-0.789843592,-1.214158164,-0.217720513,-1.133162249,-1.411060152,-0.360133773,-1.190634814,0.130631896,-0.665471602,-0.879923769,-1.97051266,-1.516178903
PI629059,-0.081210201,-1.93861457,-2.469705424,-0.540590756,-0.840070306,-0.820922839,-0.479423464,-0.920619979,-0.313924254,-0.926836041,-0.720796063,-0.705737764,-0.523043855,-0.710173015,-1.476079636,-1.289070089,-1.873616291,-1.700989429
PI656019,0.564464057,-0.255627482,-2.424705441,0.507658433,-1.010370872,-0.529979969,-0.541627145,-1.049424446,-0.090870508,-1.022529387,-0.464400951,-0.541067309,-0.868146679,-0.637927587,-1.138521713,-0.523190507,-0.884394026,-3.602537037
PI655985,-1.036298361,-1.748785826,-1.160684943,-1.886849966,-1.269292156,-0.941825412,-1.047409877,-2.27050063,-0.901752331,-1.129864802,-1.524500947,-1.481584147,-0.996127053,-2.058974061,-2.443848142,-1.11965446,-1.62294545,-0.850730965
PI656004,0.455126062,-0.258905981,0.286538599,-0.758208173,-0.437187959,0.066348465,0.312564702,-0.510543377,-0.067204036,-0.103755125,-0.439558042,-0.109803044,-0.155383297,-1.296090432,-0.500059143,0.119420356,-0.293575108,-0.61194037
PI656055,0.183248469,0.626801119,0.769122716,0.052502991,0.25296695,0.776246456,-0.566939309,0.582476762,-0.361568649,0.322626389,0.799845944,0.833418753,0.724929655,1.272418427,0.115390209,0.50102936,0.02048516,1.560537435
PI534097,-1.423280429,-0.538252738,-1.065383846,-2.959000034,-0.771097276,-0.912983082,-1.403490247,-1.104770791,-1.412337802,-0.591046174,-0.8564137,-1.017543463,-0.970824281,-1.503959337,-1.364443913,-0.450836541,-0.444447574,-0.844637354
PI576422,0.854211601,0.50890998,-0.101387023,0.758414891,-0.589620334,0.162886392,0.759486524,-0.145380627,-0.224338918,-0.560478401,0.283680299,0.64711966,-0.20297099,0.684669082,-2.177702681,-0.260693666,-0.797541085,-1.000183273
PI629040,0.473009479,-0.077275082,2.508803517,-0.408566179,0.338360188,0.245285923,0.425042685,0.44949757,-0.263518153,0.213957733,0.562750278,0.312809571,-0.83270878,0.434687283,-0.055902758,-0.114377722,0.007568398,0.124850145
PI534112,0.165410326,0.069520436,1.596399591,-0.735668509,0.046888481,-0.040514681,-0.061449036,-0.291933758,-0.626962565,0.155348025,0.034837397,-0.435964144,-0.440382723,-1.819301081,-0.079332246,0.12538193,0.384324214,-0.990865646
PI533758,1.344494618,-0.121602991,0.908206286,0.375811941,0.666488225,0.416243722,0.328313059,0.436652293,-0.29887797,0.62382905,0.366896703,0.649224051,-0.055420383,0.546010108,-0.372122464,0.102384159,1.244406171,-0.019735213
PI656087,0.618579638,0.155180089,-0.122673611,-0.186138387,0.056271993,0.387256185,0.296564361,0.329525353,-0.375989305,-0.087845497,0.160584726,0.211059041,-0.062245506,0.71728692,-0.794500654,0.136753867,-0.391486466,1.20528502
PI533757,-0.124110473,-0.347535963,1.150419312,0.501609029,0.242515322,0.250919741,-0.660046874,0.403108908,0.256373684,0.143768315,0.755373324,0.977741473,-0.167406778,0.780488521,0.461054842,0.317161836,0.308363615,-0.629702699
PI533856,-0.447995268,0.284490708,2.236390544,0.79146052,0.593397536,0.582564937,0.473495069,0.812785358,0.141316849,0.654037972,0.723800107,0.437178137,0.252410709,0.501090784,0.709214805,-0.056449839,0.617865373,1.999427536
PI656002,0.906582771,0.1410089,1.265416407,-1.380486755,0.006958356,0.467298892,-0.430473582,0.041146113,-0.66427979,0.396209109,0.274679653,-0.186241651,-0.184221144,0.185611537,0.338786237,-0.411307127,-0.232772096,1.908300009
PI595739,0.75792023,-0.58008889,0.721903289,0.310503572,0.033912712,-0.194665361,-0.212970363,-0.248115629,-0.794610589,-0.290858163,0.362359106,0.352682007,-0.738539658,-1.318779191,-0.289618654,-0.100790564,-0.01332349,-0.591437415
PI533824,1.312567136,0.16704713,1.682583805,-0.366509982,-0.349626226,0.566304416,-0.213434119,0.340716705,-0.888691438,-0.019310847,0.048224006,-0.191339781,0.112101574,0.182081861,0.638550776,0.220547331,-0.414848805,0.612706094
PI534167,-1.055181528,0.018261086,0.829680532,-0.442128088,0.273834364,0.401854984,0.221214923,0.185719276,-0.522091461,0.319566434,0.103139759,0.090007191,-0.137598265,0.479104058,0.263710835,0.433922331,0.092116933,1.002467175
PI533831,-2.434871816,-0.241845111,-1.305088943,-1.688477459,-1.055910698,-1.429431365,-0.622065092,-2.258547423,-1.028968141,-1.252760572,-1.121169368,-0.613379215,-0.996279531,-1.492732364,-2.014622623,-0.704945164,-1.90480749,-1.153050046
PI533970,0.106251994,0.12048391,0.26973539,-0.750259292,-0.288567395,0.03894949,0.221214923,-0.592069763,-0.695191064,-0.301952225,0.300392393,0.66788036,-0.633938544,-0.662037618,-0.663911323,0.484117824,-0.542604965,-0.539572739
PI576396,0.290773281,0.304857369,-0.25660872,-0.597454671,0.204645068,0.118992198,0.272073341,0.490580617,-0.610119604,0.403629423,0.275641974,0.235314175,-0.198968065,-0.578631721,-0.022140327,0.151235747,-0.510553524,0.617563127
PI533936,-0.878778036,0.162638138,0.389367921,0.838624256,0.554668405,-0.025589031,0.229872986,0.74239325,-0.495924244,-0.066717499,0.485835706,0.892428184,-0.288293891,-0.079782739,0.370689034,0.960839053,0.242907501,0.344802284
PI656117,0.477825307,0.540501911,0.485328124,-0.604342205,0.139754935,0.162886392,0.091403312,0.083230001,-0.358292043,-0.058365845,0.329562532,0.516850118,0.303164793,0.845393416,-0.500948051,0.221960142,0.102679555,0.574535706
PI659695,0.675002359,0.108247188,0.094450087,0.449619352,-0.732957148,-0.413161504,0.312564702,0.113121511,-0.62580164,-0.334938824,0.151909046,0.620580716,-0.576260053,0.031666521,-0.808386463,-0.196349184,-0.953315052,-0.951253679
PI534021,-0.04718073,-0.471006834,-0.440768163,-0.018314694,-0.753978331,-0.160179185,0.221214923,-0.130551569,-0.977846673,-0.405808017,-0.097329486,0.287432599,-1.227857522,-1.854002872,-0.490601096,-0.261251125,-0.94709761,-0.930019382
PI597946,0.550112648,0.533190561,1.94157854,-0.054159862,0.090191231,0.39701236,0.272073341,0.643546064,-0.405396192,0.135534624,0.551540576,0.915512729,0.072998795,0.591957897,-0.129748644,0.230774857,0.037154046,-0.119345382
PI534047,-0.29556129,-0.51237094,-1.512030834,0.132936874,-2.649816425,-1.465189471,0.120673694,-1.679849603,-0.810162578,-2.13429159,-0.797095623,0.553133661,-1.148649864,-0.869640495,-1.886905875,-0.710335985,-2.635659263,-2.249912325
PI576385,1.133160191,0.593853613,1.090910498,-0.227115152,-0.518184323,0.377403888,0.69663862,0.317521259,-0.052280919,-0.401318117,0.227385046,0.654244467,0.381592834,-1.28023512,0.157224937,0.425158912,-0.484819919,1.786615256
PI533766,0.513802475,0.461514501,0.430284043,-0.588316308,0.339272148,0.250919741,0.519707912,0.306632776,-0.745653002,-0.242907167,0.224610344,0.889355794,0.19401776,0.319501723,-0.861575784,-0.510454497,-0.403924076,-0.492181868
PI534155,1.017323639,0.125720525,-0.394295794,0.47540086,-0.591450897,-0.340659861,0.328313059,0.32570256,0.296807692,-0.931000649,0.076313453,0.58245597,-0.621267853,-0.898001342,-2.281567454,0.230492907,-0.278627846,-0.872375106
PI656010,0.533115262,-0.074294764,0.597722406,-0.876609296,-0.437675813,-0.576831253,-0.992481466,-0.477343431,-1.052461684,-0.305000545,-0.941775784,-1.097913974,-0.260877803,-1.473820361,-0.163027479,-0.29316987,-0.16311193,0.08228891
PI534101,1.074553028,0.58517861,0.050808406,0.225033145,0.172617526,0.305578154,0.513235398,-0.002471479,-0.025449045,-0.922096844,0.319503451,0.781108288,0.097219235,0.522002789,-0.733727219,-1.149119751,-0.35191142,-1.042694699
PI656068,-1.059824784,-0.149286473,2.57726229,2.120602352,-1.195653535,-0.484356936,-0.098827041,-0.846578838,-0.765941378,-0.352889282,-0.298713323,-0.061029691,-0.74802534,-0.354630083,-0.506472847,-0.147884235,-0.961572508,-0.012917754
PI533912,-0.590684498,-0.216718494,-0.572510748,0.214466951,-1.781136285,-0.640229109,-0.06674684,-1.329290833,-0.482839257,-1.278388165,-0.569702617,-0.024317659,-0.165000605,-1.584410284,-2.174183703,-0.257011199,-1.586463443,-1.001270145
PI576425,-0.271858452,0.033101285,-0.622581745,-0.550576311,-1.518805239,-0.409145778,-0.533221524,-0.531015746,-1.163721779,-0.07602291,-0.446692036,-0.492323771,-0.431331393,-2.069201687,-0.416557364,0.209185401,-0.115121368,-0.38544095
PI329435,0.279968288,-0.59762771,-1.269088833,-2.524200857,-1.17795886,-0.807159898,-0.868273161,-1.187133228,-1.188526638,-1.264038888,-1.32946687,-0.657317524,-2.354581366,-1.800643494,-1.141008448,-1.046931608,-1.514953703,-0.842517132
PI597961,1.420809359,-2.477077101,0.357894618,-1.655928574,0.3354164,-0.467504799,-0.356434033,-0.142364897,-0.738898368,0.210515233,-0.50488571,-0.478581504,-1.855994488,-1.618267305,-0.092815822,-0.372816608,-0.088315607,-0.813922834
PI655986,0.675974596,-0.148265753,-1.820628764,-0.133279309,-0.632248534,-0.46708969,0.500163316,-0.680635131,-0.239944292,-1.250530648,-1.030478075,0.379020856,-0.964423195,-0.894859637,-1.556576476,-0.443875044,-2.706900905,-1.507944685
PI656000,1.093143465,0.37393769,1.178239693,0.021759958,0.574175041,-0.28647291,0.576149223,0.331636362,0.26002521,0.730358787,0.236663416,0.450161907,0.572326021,0.533606326,-0.083191761,0.163581631,0.931961128,2.188710797
PI655978,1.247469678,0.075340783,0.72301988,-0.125217457,-0.307680115,-0.143372066,-0.297169121,-0.22151038,-0.253770168,-0.292704351,-0.609017531,-0.160000024,-0.164637997,-1.570996559,-0.076384649,-0.217156917,-0.373710899,-0.756284207
PI655979,0.238385314,0.720573612,-1.161780786,-0.005570868,-0.285667497,0.239620186,0.9401146,-0.154472206,0.38479689,-0.204043874,-0.013955467,0.608521735,0.234519655,-0.111246561,-0.435752467,0.116179576,-0.708653648,1.399154564
PI642791,-0.16821161,-0.031574899,-0.185415932,0.12740757,0.441185869,0.367453557,0.506720716,-0.331854633,-0.110977172,0.213879285,-0.014262882,0.237882978,0.094410773,-1.155668496,-0.17898364,-0.474314833,0.122370075,-0.133927179
PI656022,1.32603551,0.6506336,0.92126416,-0.158894111,0.676114686,-0.330849391,0.432109853,0.220359023,-0.442741952,-0.054948239,0.202011323,0.611757056,0.328820117,-0.170141968,0.529095165,0.025736085,0.523097465,1.427778838
PI655989,1.592313266,0.558732418,0.100824863,1.658636763,0.462852175,0.700347973,1.074704754,1.206929702,0.703759156,0.502145627,1.046041456,1.503764637,0.939078744,1.569579846,0.520771937,0.498411723,0.361026167,1.875575047
PI533943,-1.7234443,-1.249322774,-0.721320776,-3.181689689,-1.147657446,-1.436405315,-1.099936165,-2.822893754,-1.311867849,-1.330696811,-1.527471716,-1.246448476,-0.639721891,-2.96256812,-2.961768365,-1.339243517,-2.411657537,-1.411252114
PI576333,-0.125328919,0.485792468,0.634128589,0.977471675,-0.423973058,-0.699969124,-0.044250728,0.469539563,0.242579928,0.298650427,0.508077258,1.186978396,0.90258012,1.38594861,0.684273246,0.073696578,0.018247459,1.92641162
PI533789,-0.412657476,0.330226404,0.675806462,0.129695902,-0.153404237,-0.040514681,0.111011783,-1.814712953,-0.857049229,-0.164368576,-0.617684965,-0.112462528,-0.25630344,-0.377016544,-0.088229719,-0.1075077,-0.305217312,0.564369665
PI656078,0.515613729,0.285318543,0.000576716,0.056514919,0.244319417,0.045869933,0.296564361,0.146756635,-0.612456735,0.14293182,-0.124089176,0.467335054,-0.056106946,0.391289227,-0.058610527,0.19633576,-0.339570591,-0.308679128
PI656070,0.246353378,-0.893449712,-0.090815332,-0.878112603,-0.897609751,-0.118679454,-0.308755331,-1.488182774,-1.149081279,-0.417549048,-0.79368005,0.08151763,0.034373582,-0.01481363,-0.041682474,-0.205215471,-0.85319986,0.046562284
PI533901,-0.540818357,-0.083386749,-0.81113574,0.160119167,-0.668953883,-1.115328026,0.203670614,-0.520484674,0.119504298,-0.056168547,-0.592535275,0.174291926,0.113155523,-0.137365411,-0.166182645,-0.658882764,-0.846337484,1.238649844
PI655997,-1.237916581,0.035418594,-0.516786881,-1.080721586,-0.41971271,-0.239515927,0.459889417,-0.211927285,0.603431073,-0.33449322,-0.220867812,0.572105288,0.328108217,0.78947307,-0.056237638,-0.699793213,-0.952513836,1.4274271
PI595741,0.582638532,-0.070429465,-0.830784589,-1.292055947,-0.040144753,-0.102550072,-0.312372728,-0.911502936,0.034630453,0.149099719,-0.69370146,-0.209686147,0.29880781,0.342550848,-0.173871943,-0.188569646,-0.128652161,1.534085514
PI595744,-0.155715321,0.515146803,0.273811253,-0.65068602,0.373261963,0.150540556,0.366631923,-0.470177359,-0.462569033,0.44887206,-0.149128771,0.291729344,0.367749112,0.172905194,0.372417551,-1.500403432,0.22863526,1.928777438
PI656029,-1.20544118,-0.388295407,-1.775606223,-2.27508941,-0.787540353,-0.818228792,-1.328385992,-3.164402324,-1.189741131,-1.273505825,-1.697749799,-1.713050229,-0.497482409,-2.30747584,-1.283949123,-0.664858371,-1.713880969,-0.14079985
PI597968,-0.072812722,-0.093310693,0.315829723,0.60985907,-1.047458333,-0.194665361,0.058196432,-0.570187335,-0.137372465,-0.82923771,-0.905064822,0.046548196,-0.061570832,-0.999217433,-0.383104456,0.101132734,-0.859560131,0.956041881
PI533964,0.09914467,-0.018385499,-1.183141943,-1.702105648,-0.239656031,-0.495710711,-0.398078696,-1.33397859,-0.783431399,-0.495965075,-1.003097802,-0.570402237,0.005578076,-0.028097589,-0.323192164,-0.660360713,-1.635399696,-0.063051126
PI585295,1.222457733,0.091001843,0.557872019,0.063218631,-0.002123981,-0.494243526,-0.130265337,-0.731847785,-0.950355439,-0.38505465,-1.062621292,-0.43157405,0.022347212,0.242235894,-0.831698454,-0.504291418,-0.695409234,0.417074203
PI533878,-1.223968813,-0.403496125,-0.570136124,-1.316221113,-0.718163064,-0.877921792,-0.260836292,-0.664995549,-0.389746218,-1.204767211,-1.102422844,-0.537157141,-0.874861608,-0.232705456,-0.980629566,-0.194592867,-1.621140193,-0.292152263
PI534135,-0.064997211,-0.51437829,0.321268468,-1.966892492,-0.773924379,-0.490626523,-0.909851075,-1.285036029,-1.29238786,-0.91340619,-1.217892766,-1.260249987,-0.941498916,-0.687114459,-0.673507338,-1.523474248,-1.910472154,-0.455487784
PI655992,-0.577222125,-0.271003874,0.293357775,-1.907239435,-0.41775369,-0.578382624,-0.930370935,-2.135947786,-1.33113425,-0.893892202,-1.126192509,-1.032417463,-0.3730777,-1.361771471,-0.323969865,-0.286733767,-0.511865997,-0.39509248
PI655988,-0.181411079,-0.367500283,-0.580339032,-1.735735312,-0.65407449,-0.305890996,-0.426904524,-0.338020173,-0.234346444,-0.415729072,-0.431906852,-0.358587934,-0.045036105,-0.314998131,-0.863902042,0.048065385,-0.826427735,-0.329721197
PI534099,-0.597864554,0.451206664,0.324238005,0.458813883,0.389478276,-0.168689874,0.14911163,-0.766680678,0.149810484,0.432545164,-0.497079749,-0.084341697,-0.058437543,0.224599291,0.123319176,0.068758636,0.755907209,0.213667504
PI655987,-0.098060515,0.048185032,-0.557407925,-0.176641302,-0.736060143,-0.627938554,-0.009401152,-1.017442503,-0.017668211,-0.89783394,-0.853773114,-0.129707819,-0.397294269,-0.055886633,-0.224410867,-0.033526227,-1.253054909,-0.77954443
PI533845,1.12407051,0.561231717,-0.653581494,0.690878698,0.060498559,0.156732526,-0.102728003,-0.234904774,0.075126727,0.175832094,-0.31051925,-0.080617073,0.510496061,0.336899696,-0.051702976,0.29513915,0.225635245,1.800301689
PI595745,-0.905050978,0.610341316,0.347559631,0.77554041,0.565314727,0.19310017,0.809001588,-0.583325393,0.721820692,-0.423674234,-0.565028006,0.691890602,0.897101973,1.39415648,0.119342915,-0.098580683,-0.18058825,-0.348177749
PI656009,-0.449628461,0.071049249,0.621488548,-1.363086446,-0.176422905,0.175081665,-0.220249452,-0.17215493,-0.582311481,-0.010270139,-0.537496389,-0.17916107,-0.144293055,-1.057743331,-0.187090528,0.33757484,0.143181026,0.184389803
PI564164,-0.208358937,-0.582707492,-0.573434021,0.692224269,-1.07152036,-1.513985945,-1.186682308,-0.033876671,-0.026504561,-2.169828881,-0.937868848,1.024102996,0.37384992,3.084814253,-1.037253263,-0.561451008,-1.932469534,-1.914744512
PI585291,1.014592873,-0.120305269,0.17115446,0.953088064,0.506862222,-0.003610124,0.813820875,0.321600014,0.82698443,0.457637784,0.287186789,1.119951751,0.971457834,1.633570769,0.240460856,0.19583918,0.535799988,1.927196207
PI534128,0.009754041,-0.387419913,0.205287171,-0.22715297,-0.208578552,-0.535559896,-0.019781392,-0.358923832,-0.238693248,-0.610595277,-0.593181266,-0.046527983,-0.273167273,-0.947448959,-0.265637395,-1.130270439,-1.164226804,-0.284460098
PI533913,-1.093047144,-1.018067825,-0.915042579,0.243713198,-0.160751173,-1.126688187,-0.090168902,-1.571336757,0.71292741,-1.826774628,-0.892930552,0.254525736,-0.485519908,0.393551555,-1.216062447,-1.379268875,-1.451462078,-0.368681644
PI656016,-0.039574095,0.210062306,-1.264321847,-1.899318644,-0.561617121,-0.276903459,-0.23423132,-0.465691932,-0.67251014,-0.465130575,-0.864187083,-0.376333163,-0.665748015,-0.134619965,-0.652434862,-0.316034673,-1.178710888,-0.297682425
PI613536,-0.604936921,-0.214007577,-0.705108465,0.445846593,-1.00283207,-0.710109014,0.212481243,-1.739554582,-0.293740037,-0.860138715,-0.672260223,-0.065503145,-0.520431249,-0.794335193,-0.610436602,-0.69864809,-1.549406227,-0.586765099
PI656077,-0.937268925,-0.313832297,-0.0001187,-0.488927845,-0.308495099,-0.110582244,-0.190925196,-0.959592783,-0.495701238,-0.286281247,-0.363754146,-0.11911011,-0.734942943,-1.463497029,-0.519187067,-1.648086249,-0.501096341,-0.719353724
PI597971,-0.568805949,-0.358191559,-0.528984616,-1.830739246,-0.78975091,-0.929309105,-0.857058565,-2.152327185,-0.910503111,-0.902378429,-1.320855055,-1.005649903,-0.853674348,-0.281606066,-0.48875384,-0.691004572,-1.585500949,-0.697489417
PI656106,-1.901042753,-0.329540329,-0.106524812,-1.077079649,-0.677143651,-0.660365002,-0.548009793,-0.924503785,-0.803702417,-0.690470711,-1.024614665,-0.730870008,-0.333473409,-0.614449146,-0.290102173,-0.757793809,-1.506636942,-0.585446247
PI533924,-0.249588851,-0.752230012,-0.414366453,-2.562014128,0.547334282,-0.699264939,-1.0525185,-0.877305798,-0.740025828,-0.639281055,-1.43405705,-1.284939048,-0.38085114,-2.236522378,-0.417095364,-1.121831858,0.526567558,-0.130302978
PI595702,-2.616878439,-0.763807455,-0.716251861,-1.960327748,-0.484456536,-0.588945947,-0.060856253,-0.424683419,-0.282361063,-0.629569472,-0.586971277,-0.408235058,-0.00036786,-0.35871111,-0.499800385,0.023497586,-1.802388738,-0.388970395
PI656060,-0.344983485,-0.59399429,0.665034585,-1.779556578,0.394203149,-0.775292532,-1.438069276,-1.948089352,-1.199218594,-0.478620976,-1.547752513,-2.240542901,-0.280223271,-1.472037301,0.005334866,-0.927439776,0.47650486,1.003375494
PI534028,-0.672650798,0.621489567,0.538713315,0.032753132,-0.119096501,0.162886392,0.432109853,-0.149949785,-0.710724242,0.1884423,-0.55888284,0.020611325,0.151834399,0.635375414,-0.156775249,0.093083367,-0.226621005,1.509011391
PI656113,-0.578041006,-0.208201528,0.125930851,-1.478622636,0.333557827,-0.063329359,-0.301498545,-0.336535647,-0.420576043,0.056782009,-1.178618083,-0.581825491,-0.003630783,-1.089006702,0.359580652,0.023939993,0.568743084,0.93531639
PI656069,-1.188646663,-0.155435564,0.447268199,-0.06325023,0.230999893,-0.686366764,0.28030384,-0.239218706,-0.455464923,-0.258676528,-0.645883411,0.01150858,0.082850894,-1.060536832,-0.014262842,-0.142013106,-0.037812507,-0.816802363
PI533759,-0.681339659,-0.497092241,-0.604883408,0.388655477,0.21686613,-0.239515927,-0.521731108,-0.359772545,-0.442571602,0.096586928,-0.608136116,-0.653777261,-0.073940566,-0.764102219,-0.239705426,-1.403181649,0.346319566,-0.523124364
PI574455,-0.531125438,-0.003404498,0.034411352,-1.044649488,0.31415043,0.187130003,-0.331437502,-0.118385595,-0.251924932,-0.008364991,-1.022024529,-0.486674407,0.151272135,0.046150616,0.107904112,-0.233438449,0.519485676,0.844403436
PI576394,-1.13084139,-0.938244492,-0.673102562,-1.759976661,-0.724129818,-0.954397693,-0.741310865,-1.33434266,-1.153688991,-1.283464369,-1.27458259,-1.016401674,-0.598803599,-1.392318032,-0.238199861,-0.101417286,-1.634498002,-0.863455041
PI534157,-1.359680654,-0.653248306,0.046815331,-3.058359784,-0.525937133,-0.707479144,-0.584238578,-1.80927138,-0.65429314,-0.481949033,-1.239700999,-0.819651813,-0.243795494,-1.248066905,-0.989404394,-0.981685539,-1.217340234,0.021470424
PI533997,-1.462199506,-1.450519505,-0.919025254,-0.629471961,-0.992808348,-1.683610929,-0.515828174,-1.821445905,-1.223561469,-1.87868143,-1.716618532,-1.258338417,-0.491354891,-1.405874305,-2.637432593,-1.909624751,-2.916663208,-2.077494015
PI533967,0.724493933,-0.295049416,-0.47084902,-1.334187069,-0.673826631,-0.417988314,-0.329245975,-0.646013026,-0.45861788,-0.160905881,-0.531066735,-0.965880634,-0.709108452,-0.336945057,-0.268549664,0.398861173,-1.287533196,-0.174499057
PI576428,-2.167674658,-1.350208302,-1.110278525,-1.033311111,-0.853983155,-1.600097833,-1.855321486,-2.485392018,-1.127383177,-2.59104499,-1.616006591,-1.597454392,-1.124898621,-2.128537969,-2.535672989,-2.859721707,-2.087578547,-1.102753015
PI655991,-1.77106903,-0.531332639,-0.195815105,-1.914290716,-0.653232349,-0.950605312,-0.607432792,-2.615998898,-0.899128549,-0.951749456,-1.264146869,-1.436595652,-0.48664842,-1.192049814,-2.187391152,-0.361766395,-2.002296382,0.638247148
PI534163,-1.379037391,-0.927103909,-2.130697557,-1.964636574,-1.622918727,-1.66848683,-1.244701582,-3.267806424,-1.445205262,-3.264980844,-1.92154774,-1.461098158,-0.60943409,-1.840748802,-2.775058105,-1.527806999,-3.23915499,-1.850385566
PI576350,-2.135395399,-0.85451792,-1.34513929,-0.15259635,-0.892797383,-1.011527809,-0.144787486,-2.101728417,0.350293361,-1.23388191,-1.106116542,-0.028648702,-0.149232916,-0.188227435,-1.701937818,-0.301600979,-2.016363466,-0.577469532
PI656075,0.995510289,0.56672355,-0.495968995,1.041996076,0.718202156,0.39214617,0.101255608,0.002471479,0.037312135,0.114457003,-0.747162286,-0.043064521,0.174825032,0.198539218,-0.035114829,0.434362835,0.415041389,1.010564592
PI533979,0.50421373,-0.220656367,-0.219942542,0.526147591,0.065125406,-0.485785735,0.336095199,-1.006019482,0.158141057,-0.036028865,-0.342057231,0.175433336,-0.179953061,0.264180673,-0.273031546,-0.060362572,-0.706142775,1.380449572
PI534070,0.510235599,-0.642106672,-0.652444579,-1.430964378,-0.791185501,-0.610453902,-0.216505985,-0.260381964,-0.179619002,-0.232523546,-0.526279539,-0.152794974,0.083783449,0.249329059,-0.673538325,-0.431232443,-1.487029035,0.121779033
PI656006,0.438223998,-0.573734752,-0.374328261,-1.59962405,-0.854609418,-0.345501,-0.126500033,-1.468853316,-0.229174105,-0.43743879,-0.920968468,-0.449336397,-0.179651424,0.086818019,-0.624335514,-2.29510016,-1.305864954,1.497192077
PI534148,0.777076762,-0.180436608,-0.849940197,0.674789991,-0.160520497,-0.504494445,0.837574961,-0.129918384,0.299872428,-0.883037157,-0.037352835,1.089053748,0.744805279,2.446738804,-0.278772165,-1.027188355,-1.321910294,0.709006449
PI656104,0.50065298,-0.437322352,0.332378821,0.579921805,0.215530534,-0.20347599,-1.282715258,-0.406123121,0.565187338,-1.285059958,-0.414978169,-0.618659463,0.398887368,0.677324193,0.067502861,0.187795448,0.277409997,1.748497266
PI597973,-1.946865897,-0.959049545,0.494474888,-1.975784126,-0.743686058,-1.4969428,-1.612631688,-2.164598349,-0.861875871,-1.074657893,-1.585594685,-1.756957452,-0.902641769,-1.800371658,-0.79750465,-2.289401376,-1.442621895,-0.279316979
PI597972,-1.921681294,-0.322809764,-1.080725339,-0.438417413,-1.227989019,-1.035120705,-1.001768604,-1.132271102,-0.727610276,-1.299127774,-1.501347102,-1.281832528,-0.471405812,0.049168742,-0.731054438,-0.953087802,-2.100686399,-0.282402726
PI656119,-1.855636839,-1.070198618,-0.958038495,-2.887177194,-0.878979051,-1.161641308,-2.320926812,-3.796597914,-1.029607595,-2.480081113,-1.621110518,-1.85848005,-0.662869289,-1.758999437,-0.654664528,-2.194218814,-1.787826521,-0.345336996
PI534096,-0.597275827,-0.778014567,-1.556515369,-2.298249856,-1.554597378,-1.641237001,-1.922337637,-3.478765293,-1.91170572,-1.949689114,-2.382527012,-2.904655392,-0.644309113,-2.712894995,-2.570609671,-1.797303082,-3.904887122,-1.601440578
PI533940,-0.822721068,-1.443743941,-1.074959453,-0.919002317,-1.796396167,-1.473130845,-2.287443617,-3.479244292,-1.742545218,-2.264941495,-2.66192973,-3.302824339,-1.414915306,-2.835245551,-2.923510808,-2.052975645,-3.533733023,-1.304233217
PI576386,-0.524721885,-0.646928092,-0.341727204,-1.289819667,-0.816772774,-0.544939157,-0.074791673,-0.518412344,0.13502924,-0.852622952,-0.831278429,-0.680544174,-0.443273588,0.568022227,-0.344166667,-1.112039656,-1.882971103,-0.077030096
PI534114,-0.609566967,-0.725693705,0.21365374,0.171709528,-0.126785484,-0.64114005,-0.35924415,-0.831398882,0.200798026,-0.230232313,-0.871245176,-0.696239304,0.052272899,-0.283441406,-0.432414021,-0.474158355,-0.098037016,0.170562301
PI534079,0.194935024,-0.22454542,-0.203688832,-1.577130437,-0.219471287,-0.791224789,-0.126607949,-0.815380905,-0.552612169,-0.793259034,-0.534675884,-0.363685511,-0.812173672,-0.302844066,-0.365077356,-0.903946413,-1.952773437,-0.239840393
PI533839,0.877203484,-0.805519462,-0.607894422,-1.182731991,-0.08195781,-0.737431816,-0.338935072,-0.699733168,0.09590382,-0.707135795,-0.641667794,-0.560023836,-0.540668195,-1.43537424,0.126549246,-0.22664278,-0.214351202,-0.514616019
PI659691,-0.82830398,-0.154231764,-1.071016538,0.153584772,-0.422128925,-0.025589031,0.194781666,-1.008546059,-0.220588048,-0.397822575,-0.517536526,-0.312108566,0.061286166,-0.443915544,-0.49386662,-0.430048104,-0.528930777,1.242658334
PI533785,-0.334298547,-0.99868385,-1.458724516,-1.41945659,-0.020782003,-0.578837982,-0.736800951,-1.062350522,-0.56470345,-0.241678311,-0.82625476,-1.187440793,-0.002306349,-1.939580664,-0.52469326,-0.592583948,0.350257079,0.213462419
PI561071,0.359336895,-0.005876019,1.123256422,0.775567398,0.090368383,0.22819149,0.212481243,-0.009774663,-0.362267138,-0.038107658,-0.162344306,0.133038745,0.350079717,0.251705225,0.107426672,0.100598799,0.247002664,1.391951623
PI597965,-1.153747014,-0.41992034,0.026245305,-2.599745462,0.5216942,-0.418481507,-1.160409143,-0.800444935,-0.488674008,-0.26080576,-1.213608309,-1.958401355,0.049419367,-1.620459801,0.033680698,-0.538581738,0.569182544,1.459840602
PI533919,0.344220886,-1.044105801,1.029376301,-1.338918336,0.386990486,0.052742813,-0.06735566,-0.513363623,0.10500842,0.591117676,-0.704129057,-0.616519525,0.090801828,-0.060569107,1.003068964,0.484418743,0.28633256,1.462995096
PI656092,0.730536405,-0.37137141,1.046513967,0.106968241,0.427923258,-0.086676723,-0.673907958,-0.726694651,-0.108459138,-0.088933769,-0.747078218,-1.191549386,0.013676684,-1.232139849,0.521223609,-0.464918797,0.257932322,1.405691363
PI533965,0.54241356,0.120320188,0.13629911,0.537508572,0.523481174,-0.28647291,0.263774538,0.228191818,0.301195658,-0.180844573,-0.231320312,0.383326171,-0.155090809,-0.734578735,-0.170811147,-0.229016637,0.092960053,-1.174686253
PI533863,-2.057014054,-0.998866391,-1.914884515,-1.58653906,-1.673699711,-2.056411315,-1.935315178,-3.327263478,-1.92739891,-2.551998999,-2.19205525,-2.141992112,-1.261548148,-2.020523535,-3.585305235,-2.950662008,-3.717548519,-1.495912963
PI533989,-0.977697713,-1.158684495,-0.753411733,-3.78366032,-1.037329167,-1.471122777,-1.867928907,-2.950949327,-1.332107758,-1.564671881,-2.263827615,-2.695884291,-0.350864614,-1.28358737,-1.646632572,-1.101066968,-1.905661218,-0.478506712
PI564165,-0.828500167,0.162975353,0.933377689,1.174670742,-0.404685872,-0.078833545,0.623777272,0.392301803,0.391558958,-0.134328846,0.01833983,0.467224244,0.364974236,1.055004447,0.030332211,-0.788846708,-0.525015102,0.468845573
PI548797,-0.183671817,-1.321386036,-1.52456653,-2.07478608,-0.303898345,-0.684901487,-0.865394592,-1.721053459,-0.722121699,-1.004637073,-1.195491351,-1.165471037,-0.827428666,-0.714586014,-0.945979002,-1.133357882,-1.091267097,0.074596565
PI534123,-0.262871435,-0.718503512,-0.384503341,-2.257525499,-0.909097013,-0.819628945,-0.965777077,-2.375190968,-0.269189919,-1.484325388,-1.067561457,-0.90093601,0.306553378,0.688724445,-0.789928078,-0.915337571,-2.295401352,1.072420833
PI656040,-0.838627565,-0.16979427,-0.801063749,0.76161571,-0.621458077,-0.230383443,0.229872986,-0.305686092,0.571783701,-0.541366703,-0.320794788,0.210911782,0.284891561,0.899032252,-0.2739953,-0.531965719,-1.072643513,-0.019181332
PI533972,-1.185377044,-1.119520169,-0.768971709,0.43350473,-0.862835037,-1.308652475,-1.585365452,-1.285615384,-0.275396941,-1.150354117,-0.974009768,-0.529318084,-0.633855765,-1.741540958,-0.517673217,-0.539769698,-1.407740676,-0.544555061
PI656001,0.397064417,0.358205464,0.396354143,0.576228667,-0.054369062,-0.386355933,0.28846715,0.377645214,0.54699659,-0.184285482,-0.048387116,0.487229214,0.506034701,0.550013196,-0.230609119,0.027901982,0.11544151,1.519978363
PI533956,0.216017657,0.425246289,-0.035782123,0.887830262,0.550167188,-0.126842764,0.388937681,-0.054058326,0.443487378,-0.076052004,-0.363998288,0.075939811,-0.154867568,0.427293987,0.239407921,-0.704422537,0.191847327,1.145270139
PI576345,-0.218324761,0.190896317,0.019983294,-1.203696609,0.110569665,0.34725085,0.01065008,-0.299004895,-0.26707023,0.103649131,-0.189919048,0.121062135,0.039428293,0.59125508,-0.160202151,-0.673332656,0.236381307,-0.367476522
PI595720,0.160163936,0.292655034,-0.899257209,0.533206549,0.292546163,0.017896081,0.167630677,-0.608262738,0.114525717,-0.248696882,-0.26653606,-0.036201956,-0.05337357,0.083411415,0.12961463,0.159788106,-0.690949007,-0.025152616
PI655996,1.292010712,-0.238551423,-0.142482593,-0.317251711,0.190234413,0.003610124,0.176763161,-0.116347235,-0.595977833,-0.027965256,-0.416177656,0.027602931,0.475667396,0.734241459,0.584088945,-0.403946659,0.298165854,0.917044428
PI656091,1.49265507,-0.41428269,-0.230062394,0.215412814,-0.07881136,-0.221333608,-0.410480642,-0.556926754,0.141418973,-0.465742091,-0.63662059,-0.824469187,0.1923768,-0.245138322,0.390684206,-1.015124488,-0.395044613,1.425632933
PI607931,0.796203104,0.445682464,1.371356954,-0.264553622,0.712877188,0.093016712,0.500163316,-0.004085244,0.620956299,-0.170687743,-0.311168532,0.411123873,-0.086919946,0.879974662,-0.110764687,-0.137345462,0.124121364,1.549865617
PI533903,-0.676913777,-0.67246006,-0.677551319,0.486939726,-1.414463859,-0.838330219,-0.138645524,-0.881763768,-0.279371493,-1.151180747,-0.656098326,-0.250340706,-0.983209806,-1.797292311,-0.412703873,-0.583350313,-2.062722202,-0.559777494
PI533991,0.784707748,-0.547961828,-0.693681442,-2.286729579,-0.253446612,-0.511753117,-0.645694825,-1.127303907,-0.895373385,-0.884837777,-0.94165519,-0.654801241,-1.28161506,-1.285141019,-0.439311644,-1.989584386,-0.600775425,-0.366099251
PI576426,-0.178340098,-0.848287131,0.097211192,-1.378873123,-1.064111502,-0.82852115,-1.224577946,-1.553137547,-1.018304631,-0.952862013,-1.265842484,-1.677331451,-0.669936812,-2.181594248,-0.571501496,-1.570979107,-1.542861844,-0.264291272
PI597964,-0.395107541,-0.186512014,-0.069412046,-1.89891031,-0.242160572,0.017896081,-0.64048902,-0.692963694,0.105217576,-0.153000461,-0.401460944,-0.277472588,0.00036786,-0.042130105,-0.075515004,-0.322683474,-0.146182715,1.377502522
PI533752,-1.171315453,-0.15683333,-0.09118698,0.648200286,-0.749515723,-1.168205339,0.76958762,-0.721231149,-0.411775214,-1.518302323,-0.668336018,0.198098764,-1.017620264,-0.15103566,-0.89317036,-0.947398038,-2.529053134,-1.162830903
PI656041,-0.635374028,-0.333688233,-0.623937813,-1.450225189,-0.590016579,-0.821595413,-1.710762512,-1.829211738,-0.926963043,-0.839003562,-1.684080171,-2.200207478,-0.581427446,-1.744688083,-0.351871079,-0.868129728,-0.784274063,0.597195838
PI534133,0.914144487,-0.04376017,-0.296031075,-2.354845292,-0.477226224,-0.451792137,-0.681969357,-0.740099924,-0.031705339,-0.842516054,-0.788354123,-0.555672111,-0.733310068,0.376528656,-0.69018254,-0.490707757,-1.742516721,-0.495927196
PI533902,0.044038948,-0.249109145,-1.03435955,-0.708995176,-0.538874536,-0.534333796,-0.005559123,-0.738933957,-0.318016195,-0.756294595,-0.493921069,-0.198641656,0.189182789,0.663234131,-0.668190011,-0.473378585,-1.7732869,-0.38821624
PI561072,-2.150497504,-1.350465267,-1.428354041,-0.860592326,-1.864486168,-2.015504035,-1.549754631,-3.077702021,-1.367746589,-2.226076361,-2.07555692,-2.180935654,-1.045789992,-2.030545348,-2.258510992,-2.912581933,-3.089018524,-1.439147235
PI597982,-3.125216213,-0.975704478,-0.642774835,-3.036126874,-0.999344988,-1.178344284,-1.760573005,-3.636479308,-1.191904,-1.0697495,-2.140806266,-2.850353847,-0.369159554,-1.780306899,-2.272749632,-2.112547399,-1.118848783,0.206628255
PI534138,-0.467374323,-0.147712942,0.293335277,0.375968798,-0.126065894,0.073082497,-0.004326174,-0.061118572,0.154332363,-0.020966594,-0.249208017,-0.294240296,0.021931936,-1.626461391,0.442149798,-0.14961599,-0.074485968,-0.257836864
PI576390,-0.685273304,-0.269073334,1.159108506,-0.011665038,0.064913482,-0.177273618,-0.729371141,-0.339499632,-0.150645053,-0.037149081,-1.006617295,-1.500381795,0.14276071,-0.563130398,0.264618404,0.068107874,0.47009799,1.485356963
PI534116,-1.134664573,-1.244633254,-1.189438564,-2.021383609,-0.966431474,-1.101440219,-1.576664382,-3.497479354,-0.933051807,-1.537462337,-1.032010122,-1.459321334,-0.6352,-1.599129948,-1.542076471,-1.125374153,-2.343501567,-0.19636589
PI659696,-1.088168924,-1.166512201,-0.827531136,-3.234946757,-0.582428423,-1.545778025,-2.129457533,-3.571991439,-1.263658337,-1.075550393,-2.311470617,-3.399977867,-0.436248249,-1.55142579,-2.063757175,-1.565221309,-0.667697082,-1.148261862
PI597951,-0.21520488,0.080056641,0.836895346,0.531071698,0.157195119,0.010778613,-0.118510748,-0.180565108,0.112018667,0.318261335,-0.376917138,-0.440128299,0.191083259,0.458741832,-0.205989481,-0.16051741,0.114836309,2.31627729
PI656089,1.092711248,0.788275481,1.184367765,-1.058119499,0.414378564,0.245285923,-0.4656814,-1.010700692,-0.042454357,0.590963916,-0.339359235,-1.383850277,0.635706082,-0.443102408,1.186776401,0.522055876,0.937549446,2.237037304
PI534145,2.687734476,0.502402933,1.509740718,1.022118526,0.880025698,0.678607986,0.130243145,-0.304217867,0.959866101,0.898293157,0.235077039,0.330681407,0.918633004,0.31721061,1.38959236,1.003657643,1.372385393,2.290206504
PI656061,-0.222776198,0.328869321,0.688936772,-1.628624546,0.447879357,0.278622344,-0.514951592,-0.590143765,0.341065568,0.051412435,-0.305737983,-0.39183389,0.261752469,-0.653876473,0.547353075,0.064719753,0.75959743,1.517793516
PI656046,1.197728402,0.545680894,-0.067837718,1.249916601,0.599756806,-0.432348087,0.764549826,0.860251523,0.596881826,0.323454313,0.426047021,0.873621197,1.219494767,1.250874738,0.337029271,0.193362196,0.372323365,1.960087944
PI656080,0.63666811,-0.237468618,-0.518051962,-0.756762759,0.287187488,0.059568778,0.091403312,-0.220049253,-0.021972021,0.312530629,-0.034276766,-0.278391614,0.178320421,0.036376663,0.867241416,0.117024282,0.218305667,1.659682885
PI595740,1.453635986,0.387446319,0.693422432,-1.264392665,0.973189205,0.629817822,0.738972984,0.74745116,1.049953674,0.238724879,0.23723735,0.991318867,1.020701206,1.148413387,0.775222977,0.429056927,0.752002756,1.984880299
PI656102,0.25393428,-0.063504716,-0.378259262,-1.02726279,-0.020325131,-0.040514681,-0.285973988,0.164867164,-0.112268311,-0.510600866,0.086965116,0.748762143,-0.222069156,-0.056345033,0.270234563,0.565678416,0.034793903,-0.111276317
PI656103,-1.025326514,-0.360265855,-1.186898923,-3.770945867,-1.427996467,-1.460323839,-1.303465727,-2.658302155,-1.865851038,-1.524917193,-1.692202966,-1.402298481,-0.869202586,-1.611681258,-3.55292058,-1.38395856,-2.771884967,-0.983111014
PI656118,0.325329803,0.27608926,2.718908635,1.0637859,0.79933058,0.759495645,0.038430651,0.797536899,-0.215747563,0.477966508,0.020785738,0.282397131,0.973705618,-0.423552857,1.035239804,0.605112103,1.237143173,2.299893065
PI48770,0.477453302,0.308911968,-0.83025749,0.321254732,0.280396815,0.553933124,0.466715382,0.943931114,0.188326334,0.72350978,0.879940492,0.95605755,0.165060899,-0.110956129,0.036473782,0.504991455,0.827395274,-0.016146805
PI533800,0.284304265,0.444914433,1.549133052,0.034823985,0.652556808,0.515873563,-0.335758294,0.457178275,-0.061456848,0.239423505,0.189392208,-0.043523908,0.528062082,0.660263372,0.714924418,-0.697649472,1.287560003,1.219507484
PI656031,1.108316668,0.428236192,-0.222547435,0.874603606,0.281567972,0.562197634,-0.174931413,0.826508355,0.132172138,-0.004905108,0.613680717,0.403772048,0.641710174,-1.343373654,0.980431754,0.471937859,1.113852706,1.823335484
PI533776,0.264476879,1.077050679,1.480439617,1.452606642,0.823773432,0.94125398,0.635338094,1.615979741,0.620880419,0.08365016,0.87816682,1.515220243,0.492132211,0.950826695,0.756973956,0.54465959,0.786086673,0.256873467
PI534137,-0.129969881,-0.020429824,0.654300723,0.418988763,-0.352793897,0.003610124,0.069085113,-0.120438782,0.521171533,0.155866268,0.045536613,0.141792644,0.333582907,0.228300314,0.543900733,0.007967807,0.293117435,1.642339854
PI656121,0.052338343,0.610617429,-0.059280442,0.223423575,-0.152689468,0.321409619,0.351480118,0.512888231,0.113267289,-0.05996791,0.54080202,1.237495887,0.004008027,0.134532345,0.41579543,0.73482827,-0.509038565,-0.583715744
PI656082,0.218828538,0.218772804,0.224199922,0.568981633,0.487927809,0.5072155,0.328313059,0.991843195,0.683355337,0.11695314,0.712880652,0.830345148,0.801607518,-0.429962419,0.961967859,0.715575078,0.812802585,1.912684846
PI576375,0.288285698,0.175526134,0.0001187,-2.162415234,0.04484546,-0.405707648,-1.139863764,-0.703525827,-0.876003547,0.114566713,-1.024014622,-1.533345143,0.460065578,-0.73509733,-0.087352977,-0.041271849,0.39250939,-0.291760123
PI533842,1.153442894,1.163666656,4.785112772,3.931380299,0.273328383,1.022379525,1.146163718,1.358000028,0.707698837,0.827139053,1.155001265,1.761764086,0.973933031,1.410601227,1.111354302,0.991533851,0.126695206,2.272244854
PI534037,-0.532710401,-0.640142312,-0.76151575,-1.235631931,0.067007385,-0.397149346,-0.657767248,-0.704968316,-0.654097205,-0.310842941,-0.84308352,-0.570025662,-0.434017607,-1.474696663,-0.601220644,0.003531669,0.127468525,-0.845977293
PI533871,0.09152968,0.222193822,0.726109966,-0.419557037,-0.770004945,0.024963248,0.473495069,0.248813149,-0.867149728,0.374997001,0.214752848,0.826311869,-0.105970997,-0.343311602,-0.143147147,-0.33295299,-0.54998862,-0.356442418
PI659694,-1.203728212,-1.039438753,-1.456459943,-2.722567138,0.068254888,-0.838113267,-1.008940812,-1.482210061,-1.014500632,-0.677652533,-1.675752684,-1.008598442,-0.690941714,-1.700428091,-0.999779992,-0.437140048,-0.556731889,-2.067795732
PI576380,0.403373406,0.461339753,3.140920111,2.786872295,0.586730835,0.485236593,-0.293408846,1.326312401,-0.003718013,0.459516471,-0.129366928,-0.098402426,0.238594532,-0.893160116,0.474894033,-0.418232649,0.427419843,1.801843417
PI656094,0.745725492,0.702262545,0.787790639,-0.093327871,1.254301067,0.799235974,0.749282354,0.780936594,0.594564114,0.688331807,0.841182344,1.156980558,0.782184042,0.801755202,0.826563606,0.455451416,0.853638692,-0.13606368
PI533869,0.964626843,-0.063593621,1.156850444,-1.798973216,0.392107166,-0.372970782,-0.528976427,0.005866338,-0.652459309,0.509872627,-0.740308803,-1.506984582,-0.026387068,-0.860605325,-0.002130316,0.078139664,0.314002191,0.489091694
PI564163,0.996270001,0.546884235,0.448927059,-1.304798717,0.203269167,0.367453557,0.070126073,0.029919281,-0.516803501,0.716236233,-0.531277239,-0.805661879,0.255294608,-1.505011281,0.270104113,-0.151177183,-0.432466192,0.599988881
PI656056,0.020170452,0.447958255,0.807383298,-0.744151825,-0.396023326,0.106088793,0.077602477,-0.171537244,0.124805714,0.146429069,-0.299882022,0.269503547,0.246109853,-0.056511406,0.062989711,0.222988953,-0.18501488,1.768076038
PI534075,0.484924184,-0.814360513,-0.743372933,-2.323424371,0.058110852,-0.325693623,-1.080888812,-0.857902235,-0.923251563,-0.377120028,-1.412605947,-2.110234991,-0.421889211,-0.801581682,0.474453816,-0.425897991,-0.65246171,-0.855814461
PI552856,-0.027969435,0.879609326,1.209972296,0.503219796,0.238027657,0.33182638,0.381557574,0.459766924,0.804830514,0.326235241,0.584200326,1.167256287,0.609220609,1.025615296,0.560480847,0.08658267,0.075012332,-0.139823601
PI576435,-3.611188801,-1.518683865,-2.077951785,-4.362324713,-1.82808261,-1.596546461,-2.815488015,-4.716495725,-2.321850285,-2.117720978,-3.009648203,-3.738458282,-2.539116227,-2.985548131,-2.194986716,-1.718717626,-1.989048428,-1.858493356
PI656095,-0.64922767,-0.202963983,-0.172537142,-1.076723869,-0.223586511,-0.389604288,-0.839423298,-0.707838898,-0.787895802,-0.331261402,-0.841253838,-0.907836887,0.041766353,-1.604211443,0.155226987,0.206035419,0.143185855,1.729702177
PI534063,-0.630827305,-0.006655825,-0.192993603,0.679622627,0.139945803,-0.040514681,0.538877828,-0.238070385,-0.221351695,-0.280554894,-0.101484515,0.479648606,-0.512415469,0.473898869,-0.243207386,0.250236045,-0.436390497,-0.237005915
PI597949,1.193361064,0.561899131,1.014740357,-0.663264588,1.066968018,0.955240222,-0.21566433,0.842584536,0.250107152,-0.071395537,0.341916925,-0.213089263,1.035650162,-0.034387413,0.507891246,0.998672056,1.200979746,2.331794827
PI655984,0.859462215,0.875265049,1.765899391,0.024099219,0.92327985,0.711043262,0.582228269,0.04056943,0.540116832,0.701884852,0.419068508,0.791587145,0.465849428,0.517472854,1.027953706,0.226724982,0.317984219,1.792308657
PI656093,0.296880371,-0.290458316,-0.075791208,0.381766833,-0.403091195,-0.239515927,-0.263831863,-0.650255186,-0.004329958,-0.198359974,-0.328104155,0.027750027,-1.123771431,-1.121205441,-0.410160303,-0.189337919,-0.093898581,-1.588858109
PI534108,0.431303225,-0.369147531,0.141608098,-1.471883202,-0.490634358,-0.258034975,-0.965507385,-0.572567834,-0.568315087,-0.071980488,-0.918933666,-1.145098242,-0.35629485,-1.59524135,-1.812373075,-0.408410073,-0.213015523,0.482084515
PI552861,0.320674929,0.023565408,0.557675271,-1.461547766,-0.111845069,-0.674931505,-1.030510297,-0.647762492,-0.615873965,-0.039867234,-0.97151991,-1.360472126,-0.158147665,-0.515911652,0.031090789,-0.002269491,-0.368979302,-0.361522797
PI533761,-0.209644601,0.415357956,0.763438737,-1.110757586,0.592338042,0.326631563,0.60618151,0.549167651,0.325286577,0.466963286,0.407055923,0.860973459,0.760422752,1.243382352,0.614712238,0.583101856,0.599707278,1.42665915
PI656072,0.161256288,0.529286902,0.902953917,0.095468701,1.195657299,0.289492016,-0.095413382,-0.299633877,-0.452322775,0.921168653,0.059212405,-0.585345988,0.060582582,-0.008446849,0.918293204,0.444648299,1.155976874,2.028466526
PI576401,-0.132620046,1.08424212,0.547579868,-1.266425902,0.341616327,0.906866638,0.374122595,0.711071359,0.444186465,0.441764492,0.668269476,0.87766938,0.6033299,0.121567954,0.760919931,0.501948234,0.808886982,2.194814986
PI656044,0.020432521,0.309543734,0.924773335,-2.092424636,0.221938652,0.059568778,-0.251588168,0.185090885,-0.140848037,0.384682616,-0.278579247,-0.337512155,0.312935483,-0.996620142,-0.043972258,0.274305085,0.573873086,1.628881306
PI656096,0.390171795,0.735211058,-1.021660763,1.247187216,0.831478539,0.515873563,0.120673694,1.012826713,0.220968582,0.60103085,0.873299007,0.99007119,0.2938321,0.586342954,0.744387837,0.464650834,0.835924398,-0.035934691
PI533807,-0.45809305,0.072213175,1.065446717,-0.485026372,1.004815735,0.138040393,0.432109853,0.640346826,-0.065212248,0.30042468,0.476778347,0.608958378,0.001424619,0.371667804,0.418237247,-0.667554786,0.975043103,-0.432055103
PI656051,-0.109521935,0.577441678,1.942615885,-0.446736745,0.563979509,0.321409619,-0.363371832,0.398412227,0.108048307,-0.039283681,-0.053138013,-0.358857604,0.662645852,-0.53050679,0.714772944,0.632840434,1.204028262,1.73812414
PI542718,0.225098358,0.584002305,0.876191541,-1.105159504,0.362928725,0.017896081,0.56387913,0.443599843,0.511279241,0.651809324,0.272372961,0.686213616,0.387227168,0.204304692,-0.284182828,-0.307595076,0.629616548,-0.789677071
PI656071,0.661840593,0.685566793,0.410710688,-1.496940773,0.287185416,0.541406865,0.312564702,0.584445479,0.333243152,0.527362004,0.045269393,0.098239988,0.609707629,0.220281856,0.931583144,-0.266273849,0.375107968,1.974971821
PI533915,0.184638672,0.016783059,-0.536452517,-1.947785862,-0.013482914,0.156732526,-0.054895748,-0.094731689,-0.027968416,0.210509396,0.162809214,0.47677771,0.107323687,-0.052508411,0.131660964,-0.480704687,0.306219639,-0.024998587
PI576337,0.871045351,0.706476483,-0.43359119,0.277617359,0.58802583,0.578524527,0.221214923,0.963293234,0.284916762,0.53641076,0.622149945,0.528460155,0.589913939,0.434833115,1.178854813,0.409458885,0.660166083,0.426637041
PI576349,0.658856724,0.523245869,1.251366675,-0.540894608,0.643416477,0.250919741,-0.095226264,0.009467877,-0.239239626,0.56060635,0.10323629,-0.01150858,0.340653094,-0.692776363,0.302718428,0.317883534,0.920997661,1.578329689
PI656048,0.980606835,0.863141437,1.456214415,0.830695951,0.749644476,0.711043262,0.809001588,0.864386603,0.812818824,0.680975088,0.787404327,1.31169728,0.379715517,1.223536978,0.535369361,0.38720796,0.332052037,0.211779715
PI597950,2.516978636,0.204965157,-0.33525472,-0.793078156,-0.659874769,0.362441016,-0.169484133,0.095183899,-0.28780664,0.0966147,0.054814026,0.021185046,0.24266844,-0.166849815,0.426546583,0.234607373,0.30142939,1.814291474
PI576347,1.375139348,0.900277827,1.514497629,1.843808424,1.00287194,0.682264297,-0.46573904,1.362607911,0.540680216,0.518818498,0.957583375,1.511323509,1.059425423,1.58194009,0.297895773,0.36780817,0.913571455,1.416322971
PI533962,0.893369779,0.113346495,0.431177976,-1.978234252,-0.247598358,-0.086676723,-1.086532601,-1.102781634,-1.541284989,0.010207535,-1.473676986,-2.314374049,-0.648248192,-1.442746138,0.173368305,0.067268413,0.473283168,-0.319415043
PI656033,-0.015849393,0.334305191,0.779149045,-0.381612131,-0.049352607,0.222427785,0.24696742,-0.036556456,-0.707936923,0.639360122,0.250252581,0.366579258,0.03380228,-1.578638219,0.11043462,-0.265612422,0.623805733,-0.467596572
PI152651,-0.887939372,-0.831898426,-0.900917897,-2.760169278,-0.286344586,-1.399708328,-1.251505753,-1.565486869,-1.346080969,-0.848655773,-1.289785882,-1.430517719,-0.304149599,-1.793692306,-1.3467553,-0.41686357,-0.181386317,-0.815275567
PI576340,0.097518411,-0.352434175,-0.008273351,-1.663183361,-0.331881514,-0.768554726,-0.126326824,-0.899616535,-0.935988045,-0.349487246,-0.383622665,-0.061251511,0.013047125,-0.554441432,-0.483621073,-0.243935707,-0.340809976,-0.905822362
PI534009,0.514481909,0.940801752,2.045986919,-0.043558144,1.612589976,1.34953203,1.299328691,1.974312268,0.788516218,1.329883871,1.489157271,1.985423892,1.381627675,1.390375939,1.235747553,0.930080695,1.235698094,1.699957226
PI656026,-0.536947986,0.93960155,0.470716763,1.725600002,-0.130671002,0.305578154,0.506720716,1.401180676,0.705163569,0.175246605,1.294504783,2.091718551,0.419519831,0.910210716,0.820607857,0.930398673,-0.004855638,-0.244561981
PI561073,-2.150315232,0.618663235,0.870966939,-0.01409025,0.099556292,0.326631563,-0.463233075,0.395715604,0.230892237,0.200862386,0.622691391,1.102924441,0.436965264,0.182128135,0.736630738,1.096076542,0.514397919,0.090181377
PI656097,0.383727784,0.246851237,0.163857246,-0.74349704,0.270902237,-0.20347599,-0.5308959,-0.192859313,-0.331894484,0.28568402,0.037097083,0.135829424,0.040524144,-0.044609363,-0.027160997,-0.061233432,0.003992846,-0.731279347
PI565121,0.59860845,0.397764458,2.087367479,-1.574732582,0.742062192,0.808929103,0.23845673,0.526204821,-0.023681934,0.607304754,0.370919008,0.264755152,0.345541715,-0.595497087,1.064351604,0.255620589,0.396326551,-0.104400067
PI576348,0.294040977,-0.210707218,0.97930786,0.478682984,0.988626835,0.578524527,0.486918089,0.800501725,0.673002586,-0.060576147,0.558642333,1.127426094,0.723295952,1.42102061,0.340795678,0.517966173,0.330945907,0.933048895
PI656015,0.457281936,0.334653062,1.445815423,-0.414195605,0.356269984,0.052742813,-0.547273029,0.245354279,-0.175623045,0.311943472,0.008871158,-0.251720925,0.077189714,-1.124054402,0.804988981,0.468605119,0.508251864,0.463865801
PI655974,0.808666741,0.725185251,0.094893632,-0.086194674,0.388826611,0.511553901,0.194781666,0.686837221,0.723019035,0.35500364,0.507905958,0.974142497,0.571303948,0.548258453,-0.165384755,0.224586306,0.396874518,1.944677953
PI656057,0.445915512,0.261008032,1.418934266,-1.097093979,0.627237367,0.39701236,-0.604211664,0.098847603,-0.279798144,0.716049615,-0.269633522,-0.894928064,0.045059775,-0.328648999,0.763546742,0.094446856,0.644716598,1.413410864
PI533843,0.137039845,0.899014795,-0.162682858,-0.800697899,0.03022081,0.711043262,0.158414022,0.921806573,-0.187782091,0.584326354,0.196475039,0.146642172,0.451260649,-0.812727912,0.937691418,0.709525731,0.630576204,1.754607249
PI656090,1.415533251,0.621282878,-0.196644696,-0.608487226,0.448462918,0.742459458,-0.201429893,0.854418939,0.443625987,0.851541315,0.49276363,0.332181788,0.751546729,0.119512,1.152122327,0.745058994,0.862321891,2.400707302
PI656086,0.415428684,-0.187199551,-0.742835681,0.733080404,-0.072371738,-0.382947912,0.635338094,0.66171093,0.386390664,0.660783036,0.66139112,1.089304512,0.553715746,0.299984009,0.377560735,0.72611415,0.096425549,1.700576648
PI656111,0.834503468,0.127827359,-0.68794714,0.961906726,0.070500644,-1.003104964,-0.145668409,0.65038126,-0.355852381,0.216840779,0.050890004,0.451633854,0.146863519,0.354210778,-0.656331363,-0.075646438,0.360550066,0.343750148
PI533938,-0.5155691,0.249876917,-0.327295956,0.290504549,0.025425433,-0.040514681,0.158414022,0.090219729,-0.240672729,0.279618807,0.216114013,0.521560739,0.020267392,-0.669483351,0.292067111,0.297996394,0.505503376,-0.753085633
PI656003,-0.15076347,0.46724629,-0.309165947,1.033101279,0.148691615,0.079771485,-0.150065858,0.450065462,0.527534635,-0.183237839,0.545652629,1.055294387,0.071405421,0.184312007,0.980521364,0.27415003,0.708585949,0.820718965
PI656049,0.00616036,0.811916692,-0.643091636,-0.883299361,0.423925331,0.59458913,0.049866334,0.909409167,0.277445111,1.257863244,0.62143601,0.07413939,0.946228727,0.454318977,1.529794187,-0.275795955,1.52153628,2.593281483
PI656008,0.226159093,0.962624118,0.740942463,-0.025045363,1.372816389,0.966290058,0.513235398,0.996260921,0.515431844,1.141730421,0.517492552,0.731296938,1.029770962,0.358329497,1.178670561,0.916746086,1.276498789,2.630308369
PI576399,-0.19382306,0.833553364,0.410697274,0.982370479,0.247353795,0.34725085,0.874445497,1.037286647,0.604485198,0.543569177,0.756880022,1.331238764,0.49136122,0.248547482,0.882913805,0.427038856,0.548975578,1.182690248
PI655976,0.977549624,0.603669159,-0.777415003,-0.888203797,0.623888315,0.660123171,-0.455695314,0.316217502,-0.140999764,0.645066935,-0.060871941,-0.453407731,0.517003209,-0.87811135,0.388175291,0.002269491,1.0045256,2.46742029
PI533939,0.985915937,0.423768387,1.513478,0.220760327,0.21977665,0.052742813,-0.001948737,0.382634846,0.274916266,0.450644456,0.4636393,0.615407979,0.866213069,1.027718979,-0.024966915,0.344159529,0.585260101,1.50058898
PI656083,0.211791411,-0.880118087,0.507132389,-1.234988056,-0.79629241,-0.73311314,-1.214784977,-1.356407837,-1.270419098,-0.500970143,-1.150987062,-1.223582502,-0.864929252,-1.313756907,-0.646033289,0.48876366,-0.443919431,-0.272291005
PI656027,-0.086803014,0.57174474,2.703927547,0.689611348,1.032450489,0.735562879,0.075614269,1.061136982,0.089997088,0.738406966,0.096535539,-0.424621635,0.948380008,-0.917057533,1.172359912,1.190370113,1.486686012,1.713136066
PI656062,-0.016312865,-0.175958314,0.060917377,-1.182189374,0.099400838,0.093016712,0.167630677,0.552866785,-0.122463746,-0.091561446,0.003068155,0.110740714,-0.132478611,0.143496861,-0.547588591,-0.845708709,0.289906709,-1.30422561
PI656037,0.53150485,-0.071097354,0.206284097,-0.757236918,-0.263145878,0.357403222,-0.740036337,-0.229746057,-0.381259632,0.367310621,-0.11491573,-0.094593441,0.103700609,0.001487291,0.937915456,-0.133960592,0.113262642,1.803126664
PI656059,-0.502072741,0.096546662,1.133220201,-0.339942639,0.2376604,-0.110582244,-0.002169526,0.158899186,0.161055539,-0.087362957,0.212454852,0.615294066,0.287021887,0.1308681,-0.042012819,0.296486532,-0.350334439,-0.514170339
PI656034,-1.081625015,-1.023669133,-0.799514506,-4.017933297,-0.829043854,-1.343200415,-2.237243608,-2.423375527,-1.67900246,-1.448430451,-2.447714334,-2.56488302,-2.538526963,-2.242783514,-1.76614382,-1.062285287,-1.285067315,-0.585940918
PI656025,-0.648899513,0.953710206,2.859925658,1.160939137,0.971488552,0.988030045,0.55145661,1.496627245,0.601925724,1.17398697,0.899930758,0.779204954,0.838047542,0.576692624,1.544933296,1.321674564,1.222329086,2.301847999
PI656107,-2.78187615,0.669703259,2.414967821,0.693398409,0.705652677,0.362441016,-0.501870578,1.042337945,0.349267976,0.099795081,0.355654206,0.498859175,0.622767997,-0.613169811,0.801178567,0.817119914,1.164481669,1.308299318
PI576418,-0.157756048,0.566637716,2.402669085,-0.395777278,0.514140108,0.912680608,0.304596532,0.887065741,0.257756446,1.225144902,0.992592058,0.824994758,0.218918648,0.012752763,0.623529424,0.701090514,0.616682948,1.57517114
PI656011,-0.45702428,0.96136463,3.213380713,1.339201595,1.281513326,1.211173596,0.453016538,1.921766247,0.49700427,1.378340218,1.100280422,0.839302816,1.104397169,0.829332586,2.095836452,1.15553533,1.627912088,2.963124
PI576391,-0.892649951,0.339673055,0.759855874,0.745191752,1.432565175,0.079771485,0.176763161,0.689268495,0.080533442,0.562412506,0.45910564,0.034084283,-0.191323024,-0.548603585,0.612034361,0.744794744,1.3732571,0.233468227
PI656023,-0.729953086,0.916706462,2.093732922,0.970864672,1.12412313,1.03528293,1.269296403,1.827951347,0.994243924,0.750742271,1.528725599,2.356020175,0.900794219,1.391242258,0.323055685,0.571358421,0.54932123,2.463598214
PI656012,-0.919385984,1.064791575,2.540377337,0.067159243,1.353509383,0.996062217,0.486918089,1.475131729,0.399054002,1.261554745,0.684208036,0.579936232,1.016139854,0.236403463,1.327853987,0.885908723,1.111362725,2.02361104
PI598070,-0.38492212,0.594200451,2.154620831,-1.035926346,1.332365534,0.87427116,-0.063171022,0.499385292,-0.046313026,1.033385737,-0.031107672,-0.650169165,0.894069557,0.988171559,1.306960283,0.532839156,1.546794772,2.590518988
PI655994,0.307008604,0.956602669,3.398863541,1.426333558,1.135715102,1.585329267,-0.242496197,1.776748558,0.680244464,1.771946097,1.208674725,0.725878047,1.431414204,1.0362497,1.964199641,1.432686645,1.843012608,3.379335159
PI656099,-0.483840312,1.475989145,1.651426704,-0.244816521,1.001474926,1.139873919,-0.07953888,1.241169146,0.053548689,1.019352706,0.470783035,-0.078760503,1.050929358,-0.649827542,1.072680992,0.90822948,1.525401416,2.523812681
PI576359,-0.114075265,1.132210127,1.146075252,-0.533524003,1.467322,1.1329214,0.176763161,1.52117123,0.693398077,0.971746915,0.813839131,0.769129065,1.249243457,-0.271350611,1.164112784,1.215362028,1.804298228,2.444960664
PI656073,-1.086453413,0.6504978,-0.52565757,0.110727099,0.243510649,0.725128002,-0.020567895,1.098449953,-0.329715306,0.396274392,0.398081768,0.35831592,0.554186887,-0.619665663,0.66368873,1.212308347,0.816664073,2.096758387
PI641849,0.525353445,0.799039352,1.082706053,1.08976527,0.571288477,1.283744289,1.082084861,1.702206532,1.30658428,1.452822795,1.476932231,1.804301541,1.211994336,1.036672059,1.3843488,1.527438879,1.350312361,2.573891158
PI656024,-1.022774102,0.195533681,0.349523027,0.340467804,0.526756291,0.843687736,-0.122397019,0.863748278,0.646571553,-0.120339808,0.71236581,1.155673048,0.734217374,0.699817546,0.763164911,0.072218375,0.840994523,2.221333317
PI656065,-1.811885403,0.381122452,-0.708319499,-1.83082777,0.251038779,0.326631563,-0.046791952,0.155813153,-0.387093063,0.317180416,-0.165558254,-0.516864804,0.400828267,-0.079778016,0.240155158,0.181884243,0.411414541,2.078402915
PI656043,-0.228840581,0.110242105,0.185659523,-0.847298733,0.489385649,-0.055666486,0.312564702,0.088652253,0.31837335,0.303956618,0.393941643,0.862491285,0.099724592,0.655743181,0.029491278,0.504080461,0.407410767,-0.251495224
PI534144,-0.946966632,0.29729385,0.049011562,0.119050523,-0.794611465,0.622095776,0.212481243,0.751558139,0.189457532,0.332429383,0.533063637,0.972313122,0.241131828,-0.123850584,0.441565567,0.593527187,-0.058569852,-0.010961876
PI656079,-0.839284438,-0.357051737,-0.139813069,-1.075084426,-0.202937557,0.273142878,-0.676699283,-0.812241699,-0.622851874,-0.053533267,-0.767086579,-0.950295377,-0.263391497,0.47512629,0.009132814,-0.414590545,-0.390442705,-0.673743155
PI655972,-0.282181861,0.43629186,1.715545788,1.178352792,0.303288424,0.093016712,0.425042685,0.11531001,0.400016725,0.666951044,0.816994329,1.223951741,0.280237595,0.998641635,0.869677732,0.917159995,0.613856215,1.333526525
PI656098,-1.5652875,-1.340288316,-2.030199929,-2.652870351,-1.030012956,-1.450239294,-2.206076459,-3.319977247,-1.743466573,-0.952399801,-2.189459839,-2.72558252,-1.665561802,-2.673496838,-1.360499831,-2.657521902,-0.975900525,-2.207567602
PI597976,-0.677389561,-0.514189544,-0.691407401,-0.778305573,-0.121360704,-0.549297593,-0.656084637,-0.423749365,-0.43901902,0.038544762,-0.490844437,-0.334420314,-0.048401287,-1.02104333,0.476511528,0.251027673,0.11001869,-0.434631523
PI656081,-0.251905739,0.24314378,1.265716811,0.500726642,0.042742285,0.660123171,0.680289482,1.180008208,0.485369309,0.31188784,0.872555215,1.407072278,0.231354449,0.350960692,1.079114218,1.058590508,-0.323069668,1.705313885
PI576437,-0.842280551,0.703000294,0.34188345,1.539446897,0.51734546,1.042945803,0.969344238,1.398703061,1.319592098,1.236819657,1.006450833,1.53154805,0.883326616,0.823031794,1.011208796,1.096904682,0.584699093,1.942204044
PI655970,-1.071385096,0.600500285,2.80451482,0.080735098,1.123757332,0.921338671,-0.453036947,1.402555892,0.708682851,0.705481087,0.913891995,0.483065624,0.904767524,0.853988306,2.010241783,1.444491363,1.905002715,2.192558971
PI656101,-1.074941628,0.654889353,2.091201096,-0.358969891,0.478081196,0.808929103,0.158414022,1.369982396,0.360748342,0.522837889,0.831147333,0.804405301,0.981843636,-0.409530175,1.543261145,0.892052864,1.473136463,2.61971898
PI656017,-0.651617843,1.084214045,0.120611577,0.290025514,0.28128697,0.7493088,0.658066345,1.397080331,0.350172734,0.944488054,0.992313274,1.139634737,0.591736075,0.27763091,1.142750929,0.67703887,0.662926126,2.103173387
PI534139,-0.843407175,0.941057153,1.678552843,-0.721004457,1.357329108,1.068072753,0.432109853,1.631575297,1.036950681,1.482320944,1.051204221,1.023149699,1.01702593,-0.001487291,1.842295984,1.097693942,1.682739594,2.931557771
PI533927,-0.8172051,-1.338130783,0.903907477,1.277682329,-0.953104218,0.073082497,0.738972984,0.567692611,-0.200361426,-0.047106791,0.603925061,1.419344444,0.272628666,0.83930777,0.290219366,-0.035511017,-0.045525557,-0.802339505
PI534124,-0.518315377,1.006255891,2.454481926,0.014439219,0.900330507,0.921338671,0.410756728,0.899405948,1.016983625,0.998274447,0.608016326,0.167551763,1.002244845,1.623628276,1.516047052,0.941166151,1.51614475,2.836595397
PI655983,-1.427291106,0.791293337,0.795259084,0.384440397,0.357548449,0.772918666,0.860777858,0.550596715,0.429331567,0.394259726,0.790773937,1.509880461,0.158528998,0.861255673,0.800687921,0.524670255,0.682242852,0.889197401
PI542406,-0.759057501,1.350516577,-1.321647787,1.841688728,1.479630553,1.418275182,0.417925218,1.767227772,0.787921648,1.513630943,1.104871893,0.892616359,1.277913496,0.64859555,1.292863347,0.863648253,1.442602302,2.507838364
PI17548,-0.803682007,1.494821192,2.81925041,2.025796197,0.072754928,1.215465449,1.397861215,0.934093675,0.402593054,0.948522554,1.256782528,1.598339084,0.822028292,1.17226421,0.990683225,1.051394444,0.243442483,2.290869818
PI35038,-2.092335048,-0.062855556,-1.000968957,-1.872112371,0.166693573,-0.658870605,-0.987008409,-0.019412448,-0.445682667,0.403196216,-0.725438328,-1.412157791,0.727295704,0.172354237,1.357241932,0.476459854,0.379783237,2.097580858
PI655999,-0.344766395,0.949162307,2.86248695,1.934588108,1.320979331,1.343898212,1.212855093,2.161812476,1.081962719,1.811845654,1.709325569,1.902507738,1.137068005,1.135483922,1.719633462,1.753266354,1.558499457,2.030977629
PI656014,-0.496155165,0.493079555,2.212750538,0.917636903,0.611234138,0.625964253,0.077161486,0.827096134,0.200311485,0.654943748,0.764296338,0.931752768,0.39783323,-0.007627328,0.278580264,0.514317849,1.064477002,-0.502857845
PI642992,-0.7468519,0.953018891,3.094027015,1.068601239,1.794562617,0.633656598,0.410756728,1.578611744,0.342301759,1.574225839,0.528727595,-0.025449082,0.735353952,-0.457690344,0.927087767,1.079473289,1.729978846,2.411634825
PI659753,-2.199656863,-0.931322326,-1.418650143,-2.492111024,-0.293869355,-0.28647291,-1.083810459,-1.32933784,-0.912879749,-0.060539571,-1.397475693,-1.791193129,-0.552542952,-0.651092116,-0.857336403,-0.439375534,0.18161972,-1.236624962
PI655995,-0.858019307,-0.523643866,2.252224207,0.424573329,-0.516333742,0.289492016,-0.351329471,1.200819958,0.672127967,0.638053651,0.755064268,1.157542353,1.089117139,1.024522352,1.175193647,1.499685895,1.082981224,2.20614425
PI576434,-0.291190093,0.638535823,0.547765628,-0.386781899,0.796123272,0.886247351,0.312564702,1.355799166,0.766670659,0.809923456,0.985422421,1.160161352,0.534240955,0.544330384,0.763303084,0.83596525,1.3190487,1.308198026
PI561472,0.134686668,0.527256739,1.369189282,1.689594772,1.05675111,0.660123171,0.272073341,1.64468596,0.620240545,0.6239187,1.243962443,1.527169585,0.842917052,1.174124864,1.639765799,1.13947017,0.995032807,1.759806656
PI656036,0.258561567,0.683746777,-0.836301122,-0.286479212,0.289725176,0.689537057,0.594276608,1.463631821,0.08578468,1.453157239,0.917271279,0.782271312,0.88404449,-0.003316202,1.334857255,0.76827918,1.378019197,1.833744037
PI34911,0.053975478,-0.762735809,-0.579401624,-0.833095937,-0.072651554,0.278622344,-0.219565832,0.121728882,0.235034082,0.84122991,0.228810248,-0.201205795,1.100876039,0.892710026,1.629002872,1.270977211,0.135978039,2.369732345
PI656013,-0.793260591,0.624433548,0.003922102,1.367851557,0.185752361,0.812139379,0.669239646,1.48442192,0.396417163,1.288386465,0.920982911,1.295667685,0.693537685,0.645007397,1.634326879,1.34824299,0.706641294,2.003520111
PI24969,-3.415930325,0.07651433,0.304522418,1.846387165,0.533202886,0.528721705,0.744140954,1.683574122,0.892966411,0.394804626,1.082371452,1.735932707,0.320855149,0.498738215,1.157304711,0.885455425,0.809670694,1.191284387
PI601816,-1.003091421,0.930048754,2.998231291,1.407532878,0.687381135,1.087729405,0.40353648,1.539051546,0.313710249,0.859660467,0.816865619,0.659370818,1.022311609,-0.637915443,1.568566455,1.341640645,0.77820694,2.152268826
PI655973,-0.894809847,0.481492981,-1.193746046,1.743715145,0.154188868,0.949669177,0.989711541,1.426889737,0.779093265,1.164455874,1.049185433,1.334131354,0.745670061,0.601148214,1.012505782,1.259248065,0.625576611,2.245862365
PI655980,-3.031885779,-2.412460136,-1.054724754,-2.624177036,-1.187026928,-1.530645974,-1.195916592,-3.432791857,-1.493465593,-1.241369322,-1.75231968,-1.125620388,-3.429522831,-2.913186312,-1.18626789,-0.520078552,-1.734072766,-1.128982322
PI656035,-2.054647668,0.150122711,0.205149588,0.252007465,0.063535081,0.574467727,0.828140929,1.040262853,0.799909704,0.459114031,0.622888092,1.371692422,0.405570957,0.81885117,0.079379277,0.825148212,0.450206496,0.978341718
PI653617,-0.800015185,0.683311501,0.640803216,0.836050166,0.72678877,0.963539025,1.235184569,1.558013705,0.911269567,0.750100155,0.989415096,1.673281987,1.006426612,1.57201441,0.364365894,0.588477656,0.500562704,2.120516832
PI656050,-1.219085447,0.469315378,-0.861214791,-0.405819535,1.228458996,0.099574112,-0.20299207,0.806421794,0.335164416,0.521643124,0.259346584,0.036930925,0.541041213,-0.678909458,1.324935473,1.293547817,1.125300683,1.683616334
PI641824,-0.149396507,0.275659735,1.903615245,-0.428529347,0.623942782,0.39214617,-0.219696167,0.734883599,0.332725888,1.182604701,0.27394321,-0.546434188,0.67483424,0.132458163,1.284012599,0.846672367,1.172869598,1.83715041
PI656032,-1.591167747,0.065909219,3.268569127,3.338553732,-0.13514142,0.732096671,0.76958762,1.710747694,0.92615759,0.696538483,0.89032999,1.225788977,0.866605146,0.901561939,1.716248408,1.501171868,0.630424298,2.419464731
PI533998,-0.895623898,1.014411272,2.968742896,1.914510124,0.822809976,1.146778434,1.096683661,2.012978597,1.175735596,1.303802011,1.355034098,1.663245957,1.151321956,0.672091779,1.025864782,1.245430237,1.352883168,2.743857598
PI276837,-0.837622188,1.129781013,0.123796722,1.933863567,1.344081911,1.109390902,1.078401616,1.853253494,1.304701571,0.48674147,1.350947733,2.039982876,0.899370152,0.759753441,1.565320387,1.353591509,1.273723124,2.235195359
PI656039,-0.620604301,1.487288103,2.061694045,2.39085872,1.111139316,1.13059311,1.387079439,1.795340895,1.079713425,0.915524711,1.291587749,1.841328269,0.836351552,0.868467669,1.46529479,1.455137207,1.181823733,1.989305942
PI656054,-0.847193087,0.558925972,2.191696043,-0.007728513,0.59973369,0.7493088,0.312564702,0.826187083,-0.189325264,0.975974558,-0.717003543,-0.592292385,0.612639362,0.455048956,0.527052444,-0.119224835,0.274605585,2.141657161
PI653616,-0.901168125,-0.005939331,-0.06822476,0.507234172,0.228269707,0.435112206,-0.191354732,0.986912323,-0.29132333,0.346517259,0.254410656,0.217003451,0.197417287,-1.230318939,1.079652194,1.145124175,0.621943037,1.056281198
PI598069,-0.918688163,0.476363205,1.46981476,0.441612475,-0.769433905,0.256521997,0.60618151,-0.369958539,0.140948308,0.004905108,0.144579176,0.785166669,0.50615789,0.660345357,0.262013737,0.44217184,-0.6353592,1.383581238
PI656047,-0.28560595,1.367399809,1.931997752,1.832037729,0.350719268,1.407730269,1.331354717,2.018954923,1.206984678,1.537933939,1.457211173,1.733892344,1.104209028,0.600794172,1.684126708,1.734563823,0.49933741,2.350054244
PI656028,-0.116810786,1.410679047,0.596186354,1.035457946,1.138706514,1.11650837,0.944342936,1.590067175,0.639519052,1.173389516,0.915029011,1.220195197,0.933323091,0.463109328,1.506723735,0.442416428,1.419962642,2.357482095
PI656066,-0.059101777,0.89226901,0.746967943,0.943186593,1.025429151,-0.248732582,1.193310497,1.954082357,1.013963062,1.096026533,1.380629699,2.148876965,1.061716625,1.11618528,1.60794189,1.665047161,1.174181788,1.870929736
PI641836,-2.362763922,-0.160750504,-0.188397909,0.699641441,-1.064875355,-1.560702262,0.00440594,-0.207346558,-0.005056934,-0.361037339,-0.280065589,0.438429814,-0.320967707,-0.253363219,0.019580408,-0.074654318,-0.960945113,-0.574539515
PI642998,-0.000925498,0.141574666,0.188612423,0.020018725,0.803087476,0.795983938,-0.353520704,1.528087753,0.54279298,0.899200081,0.687565619,0.750662475,1.051197764,0.549807166,0.67298739,1.254687162,0.689724894,2.428566956
PI566819,-1.053482208,0.885456793,1.53289545,2.882417523,0.362579377,1.03014153,1.698859063,1.933981186,1.202112835,0.613974524,1.463547854,2.701666788,0.236777988,1.694519536,0.604298656,0.984884806,0.578966965,2.063798044
PI655981,-0.422339634,0.48112345,0.127569248,0.019939579,0.711647075,0.566304416,0.336095199,1.309827909,0.607919774,0.198604397,1.130879865,1.624417016,0.41069973,0.272100899,0.990645699,0.453564106,0.929108246,1.867402664
PI609456,-1.250680351,0.354157234,1.178744297,0.917582359,-0.524527735,0.162886392,1.247723918,1.220269995,0.769420053,0.17347801,0.861591621,1.985423892,-0.027347259,1.136451359,0.350822445,0.882584739,0.184570801,0.860965664
PI656038,0.025675808,0.394769048,1.516345546,1.299715566,1.019272039,1.334437404,-0.308244098,1.423609037,1.132029021,1.446027338,1.220065593,1.499488111,0.949360738,1.577677299,1.695236521,0.397358241,1.01438886,2.399530642
PI576130,-0.840251543,-0.026680336,-0.436143448,-2.122187669,-0.307500254,-0.749783908,-0.185089972,-0.571399012,-0.296756315,0.434044995,-0.538923331,-0.65767873,0.19392825,-0.299537504,-0.048126234,0.287495928,0.152579095,1.722291515
PI656067,-0.00990577,1.104187941,0.460375162,1.455037367,-0.488771753,0.756111547,0.905628424,1.471436664,0.770830454,0.442142777,1.100696608,1.568661282,0.721267998,0.697549601,1.162559923,0.869954595,0.716891242,2.097999054
PI651492,-0.727570755,0.322346596,1.650024813,-1.127700918,0.254542671,-0.522556129,-0.455735954,0.124600819,-0.299140573,0.682588933,-0.597663719,-1.050809224,0.473360272,-0.185340327,0.680400365,0.36114586,0.872321428,2.385807154
PI656074,0.001770217,0.52062023,1.721354549,0.292021637,0.62288537,0.645085294,0.617946352,1.307325788,0.820881319,0.681332152,0.931254318,1.595660656,0.810510823,1.123755004,0.848952122,0.712293368,0.616540685,1.576235797
PI656064,-0.138390031,1.05485037,3.19844111,1.742250597,1.007472492,0.883266723,-0.029867706,1.598626637,0.562192133,0.51429107,0.610013767,0.979393767,1.060356296,-0.061899064,1.21197613,0.25070449,1.201244907,2.111001309
PI651496,-1.114135131,0.177182033,-0.120355205,-0.959153437,0.240976532,0.367453557,0.14911163,0.572221903,-0.123174716,0.281655626,-0.182444596,-0.331074269,0.292086207,0.246420853,0.730891363,0.179502536,-0.227760925,1.782868716