,A,B,C,D,E,F,G,H,I,J,K,L,M
PI655977,0.262272423,0.462198573,0.008292669,-0.903732585,-1.822474141,0.267256149,0.104451312,0.350895841,1.004109506,-0.934359254,0.109749423,0.322383406,0.34486395
PI656101,-0.029845424,-0.138419703,0.995405265,-0.405215642,-0.582297031,0.262645314,0.118882366,-0.110539258,-0.525220748,-0.804489724,0.392866096,1.103345462,0.333568379
PI533903,-0.320242364,-0.178887174,0.700108651,-0.165009827,-0.344469127,0.187320865,0.163692238,0.598245174,0.039367135,0.726637713,0.97550097,0.349267713,-0.307146562
PI576385,-0.42653194,-0.614764104,-1.215392474,-0.359561664,-1.133968286,-0.198787236,-0.702129421,-0.384336556,-0.475654046,0.118727319,-0.216831082,-0.667546352,0.31799359
PI656023,-1.277480562,0.256799572,0.856167917,-0.848086565,-0.399021416,0.236152294,0.056633361,0.626566243,0.039976153,-0.724454194,-0.26581546,-1.047368613,-1.584345855
PI35038,-1.528681889,-1.986940277,-1.441257357,-1.62307593,-0.761169676,-0.549277905,0.00753494,-0.597577975,-0.457952537,-0.925557305,-1.909058674,-0.218550211,-1.772293314
PI534115,-0.656436131,0.046021606,-0.519094862,-0.394291615,-0.382213701,0.114705716,0.359521499,0.150713614,-0.098664135,-0.187522641,0.569577689,0.458760511,0.291299532
PI656042,-1.550111247,0.638861813,-1.091507465,-0.316944195,-1.215932041,0.643590583,0.622886096,1.163732006,1.659318877,1.43632497,-0.079910635,-0.17167626,-0.722420045
PI533794,-0.314917893,-0.101382416,-1.477685884,0.204711417,-0.057571934,-0.337652673,0.203140657,0.121772622,0.64492918,-0.185477719,-0.106699943,0.370231895,-0.064175591
PI533882,-1.261524939,-0.192799169,-1.920898313,0.017643921,-0.249236931,0.656948203,0.060969782,0.175922832,-0.208915921,1.451958818,-0.251574245,0.700135072,-0.266994388
PI533769,-0.967662267,0.366748882,1.384907437,-0.711874448,-0.281772908,0.535821394,0.70289963,0.167036054,-0.627486177,-0.034185827,0.391443187,1.273909771,-0.162439431
PI533972,-1.478581753,0.070342613,-0.808628161,-1.27391072,-0.442376224,0.137968073,0.076390516,-0.079992667,-0.251097933,0.134486002,0.207586478,-0.019533453,-0.93477684
PI597968,-1.401332028,-1.051960394,-2.659327722,-0.897123161,-1.856546902,-0.848558671,-0.563948202,-0.41295168,-0.207230607,-1.074072764,-1.126211049,-1.212287761,-2.200278631
PI656075,-1.040922407,0.222123534,0.820068685,0.25543321,0.332324219,0.805099517,0.390488245,0.871933737,1.057376025,-0.351060251,-0.026695455,-0.26128868,0.06009784
PI576364,-0.937300162,-0.059736093,-1.007450287,-2.046311327,0.044764792,-0.377697541,0.00095102,-0.265911743,-0.783596796,-1.480277055,-0.519728265,-1.068470321,-2.003951123
PI656007,-0.282328365,0.283536036,-0.712360852,-0.435675508,0.524183353,0.732419873,0.795633093,0.957705653,-0.074266034,-0.134312735,0.78553147,1.658396686,-0.182652175
PI576130,-1.126490018,-0.891776537,0,-0.654696417,-0.430341362,-0.182270954,-0.315430117,-0.741675757,-0.081065524,-0.909024417,0.428294881,0,0.564103073
PI656044,-1.405437503,-0.321894393,-0.13198823,-0.7700604,-0.056754799,0.153821864,-0.401630031,-0.205568194,-0.314209447,-1.052103718,-0.14282747,-0.395525181,-1.176290066
PI534155,0.191606136,0.242806019,0.073565981,-1.040132843,0.28771116,0.497115402,0.351795201,0.311075131,0.460536387,0.513546292,-0.384779763,0.326317212,-0.351100705
PI533986,-0.37028819,0.098933818,0.03395803,-0.436154981,0.274888799,0.896966365,0.149706197,0.576630622,1.004973814,-0.387445874,0.368515686,0.322184186,0.576919755
PI656100,-1.507489813,-0.266009134,-1.746053155,-1.606259936,-0.668371983,-0.048576151,-1.457356195,-0.023916196,-0.274578383,-0.788842954,-0.714011262,-1.275200557,-1.710822262
PI656053,-1.391644998,-0.510303585,-1.296132236,-1.499869145,-0.847685332,0.01897739,-0.836187791,-0.491336486,-0.409378148,-1.287175721,0.163662264,-0.849273527,-1.362775242
PI533936,-0.664607993,-0.090534411,-0.837332024,-1.747006821,-1.172515839,-0.758329088,-1.329583515,-1.402693132,-1.19297248,-0.786648426,0.222640718,-0.685682195,-0.856258573
PI597982,-0.529703462,-0.214041903,-0.404198181,-1.326577961,-0.071445582,-0.655458391,-1.257385572,-0.667251393,0.053537674,-0.941066834,-0.570800968,-1.646123713,-2.289910842
PI576426,-0.38370733,-0.039016916,-1.055571978,-0.645977498,-2.129815739,-0.352388519,-0.46217511,-0.69248535,0.10844896,-1.173659052,0.275783122,-0.509320624,-0.665974877
PI533924,-0.94831248,-1.110640741,-1.115982342,-1.434214923,-1.47461771,-0.506450763,-1.22863238,-0.843634271,0.241554529,-0.681998873,0.123721773,-0.707043259,-0.31215854
PI533754,-0.943849697,0.233769359,0.606872159,-1.364448195,0.048412713,0.438618476,-1.273984324,-0.120945461,0,0.829972167,-1.377163087,-0.108002291,-2.114557993
PI534099,0.171158511,-0.391916202,0.238696774,-1.219006749,-0.186843676,-0.129724535,-0.948562978,-0.696800095,-0.230091467,-1.394165836,-0.689449114,-1.814773268,-0.05391809
PI533789,-0.882294276,-0.144470601,0.818552279,-1.74394938,-0.332189877,-0.101915731,-0.632320025,-0.163110477,-0.116045886,0.765622696,-1.683729377,-0.495391394,-1.824712413
PI533838,-1.278626087,-0.241261433,0.507069007,-1.586846935,-1.044963134,-0.460320362,-1.533491363,-1.00025631,1.292086909,-1.457975716,-0.953067817,-1.901949783,-1.411510359
PI533955,-0.445490325,-1.036376371,0.810598207,-1.345958148,-1.288454384,-0.602127788,-1.629264058,-1.40023941,-1.079357263,-0.999934598,0.087322465,-0.508888752,-1.653097747
PI655984,-0.038944536,-0.8028005,-0.795131821,-0.754185895,-0.148248969,-0.363144616,-1.105642324,-0.475711178,2.052786347,2.599866205,-1.342474583,-1.827434866,-1.446967142
PI659692,-2.807525523,-4.416422784,-3.800322741,-2.224122454,-3.4453551,-2.448028529,-4.144880394,-2.264906625,-1.361833131,-1.890092426,-4.718304882,-4.258700831,-4.311910331
PI533839,-2.148527767,-2.928123713,-2.282611213,-2.66572621,-1.65745292,-1.001411764,-1.887950065,-1.537840103,-0.646787185,-1.046185969,-3.412227513,-2.115898027,-2.884244613
PI653617,0.340171655,0.404551948,-0.647640143,-1.322818714,-0.814713163,0.266034599,-0.694562943,0.194040938,0.4707408,-0.516289982,0.165651648,-0.095454784,-1.229345671
PI534054,-2.877770247,-3.867754958,-3.348527122,-2.130137203,-2.55019514,-1.917770809,-2.058157547,-2.234503225,-3.175324256,-2.57228197,-2.909920878,-2.110081395,-3.824293772
PI534037,-1.430081729,-3.1757801,-1.839590259,-1.445334732,-3.387819689,-0.847803771,-1.750880787,-2.639735432,-2.256492238,-0.149181286,-1.660734877,-0.58984557,-1.315540921
PI656117,-0.146398291,-0.584186396,0.045149966,-0.505742207,-0.686560056,-0.262269013,-0.26976621,-1.226391871,-0.969549329,-0.178917063,-0.723479325,-0.312004787,0.1329273
PI609456,-1.222952063,-0.006697801,-0.98131561,-0.062347425,-1.417042981,-0.408120851,-0.754277135,-1.036186567,0.457566191,0.630436569,0.987646604,0.665786511,0.45182777
PI641824,-0.508960792,-0.223163445,0.657446864,-1.423165839,-1.243774664,-0.615632319,-0.924553877,-0.051865707,-0.111064964,0.154978389,-0.145631201,-0.246555097,-1.367527368
PI576352,-0.038565111,-0.127853261,0.792950122,-0.349167684,-0.509332273,-0.142161917,-0.223365845,-0.641555428,-0.594789824,-0.800951818,0.559987284,-0.555397817,-0.780138936
PI533980,-0.160210261,0.108942387,0.131519915,-0.383705373,0.106114255,0.003250879,-0.504660987,-0.072110572,0.413900621,-0.176888326,-0.184905598,-0.982119418,-1.588135031
PI656012,-1.434041054,0.180864226,-1.737081853,-0.228869729,0.286454043,-0.142156006,-0.77547616,0.276913727,1.245640696,2.052744309,0.154214656,0.297173443,-1.152575056
PI656096,-1.128946206,-1.193401537,-1.679864796,-1.353621028,-1.326169862,-0.807098873,-1.466577049,-1.240708434,0.067684428,-1.511754439,-1.126896572,-1.548899639,-2.344925147
PI533949,-1.518881291,-0.332021375,1.023562831,-0.797274497,-0.98809533,0.093854751,-0.071001276,-0.675703349,-0.520422152,-1.344305711,-0.753381991,-0.289077547,0.086172672
PI534104,-0.235508581,-0.240824912,-0.369570798,-0.42084405,-0.518886608,-0.41783635,-0.311824605,-1.476026317,-0.769509591,-0.646392103,0.207369732,0.052389677,0.452969115
PI595714,-1.881351288,-3.960759416,-2.493696505,-3.100958325,-2.65347141,-2.132647591,-3.529229429,-2.891128619,-4.987902426,-3.631651267,-5.369697397,-2.936796196,-3.152633701
PI656038,-0.131062939,-0.341401667,0.691873197,-1.346435666,-0.61841406,-0.59446184,-0.76055004,-0.876490681,0.254842524,-1.120063363,-0.022815441,0.588266965,-0.603779302
PI576422,-3.382009386,-3.066826826,-3.117293998,-2.447224322,-2.212373162,-1.427586207,-2.399321919,-1.748347945,-1.54030562,-0.71085659,-3.497157746,-2.440675038,-3.509746004
PI533876,0.187193622,0.655555468,0.266173893,-0.378468596,0.573588463,0.805538347,0.599372032,0.912645188,0.408360561,0.724970898,0.970441619,0.159957638,0.869498218
PI656005,-2.831442101,-2.430882269,-3.135322686,-2.267371137,-2.604867846,-1.749096925,-2.19435502,-1.965758545,1.965905014,1.75945161,-4.450075983,-3.431070956,-3.329735899
PI534148,-0.655597737,-0.63643222,0.689465374,-0.444547906,-1.062779234,-0.632779315,-0.629046488,-2.382134254,-0.791353853,1.422375291,0.740075127,0.050467615,0.23074361
PI533821,-2.708798412,-1.863401005,-1.614281414,-2.185424737,-2.638535161,-0.985355533,-1.6459445,-1.995287147,-1.822599839,-1.342528049,-1.076748329,-1.539682379,-1.725201621
PI656026,-3.787474494,-5.066671786,-4.269301645,-4.02965213,-2.827318154,-4.371133775,-5.587269969,-3.560881664,-2.807960455,-4.010369195,-5.775162505,-4.680306277,-4.683322724
PI561472,0.282039701,-0.946516843,-1.248701547,0.000636473,-0.536959503,-0.029491174,-0.557540097,-1.155433957,-0.323028241,0.820064163,0.376500771,-0.209965792,0.987231929
PI655974,-0.696147306,0.357007041,0.809657713,-0.378587214,0.40219648,0.168496084,0.07224482,0.090165857,-0.041378107,0.03615881,0.757316025,0.475687589,0.328733466
PI576394,-2.070117782,-0.818933827,-1.881667238,-0.601228731,-0.363576712,-1.042753098,-1.291622431,-1.127701054,0.383349908,-0.680308412,-0.440697149,-1.542416535,-1.276427599
PI597951,-0.592654866,-0.46104759,-1.032115655,-1.039390587,-1.120498399,-0.727364023,-1.054357962,-0.965179327,0.683046113,-0.141322885,0.040169774,-0.38367672,-0.176480542
PI656104,-1.100691505,0.293893889,0.895191657,1.087211283,-1.828870468,0.351160009,0.041374783,-0.848234292,-0.345325963,1.966705409,0.648868105,1.74351129,0.950844745
PI656011,-0.191120296,-0.642837991,0.788063783,-1.326043342,-1.458444336,-0.567269443,-0.765437288,-0.929112268,1.329016043,-0.081460242,-1.179147568,-1.530518373,-1.432039191
PI533979,-0.093138556,-0.087440664,-0.590289657,-1.467941755,-0.278501428,-0.436936617,-0.382543886,-0.210181847,0.06938861,-0.688645024,0.323112078,-0.313366891,-0.028419255
PI656089,-0.920848626,-0.37694448,0.755506698,-1.378995863,-0.449884944,-0.429201845,-1.703575228,-1.041091873,-1.024748936,-0.68104901,-0.245209753,-1.371877313,-1.485173037
PI656027,-0.6533121,-0.478542374,-0.194526655,-0.669052152,-1.013389711,-0.12834973,-0.147784313,-1.162194675,-0.836503935,0.620499401,0.757112808,0.463124801,0.217978963
PI534101,-0.419155075,-0.825468552,-1.230613486,0.198755695,-0.094651804,-0.389144167,-0.202445738,-0.790147858,-0.953840325,0.070668939,0.546580237,0.584775727,0.070646783
PI533943,-0.04732899,0.432712781,1.058319178,0.25723756,-0.075518859,0.141684118,0.296198629,0.073283038,1.16287164,0.37636927,0.737644362,0.960833892,0.426217557
PI597949,0.245172891,-0.609906907,0.991352222,0.312603771,-1.424609294,-0.367309867,-0.783454196,-1.546221593,-0.922345767,1.600150072,0.720733932,0.878472113,1.148366134
PI595740,0.340828206,-0.189618196,1.227673448,-0.3104666,0.054592904,0.320750034,-0.317449351,-0.921006398,-0.081633448,2.340516093,1.406340173,1.980103324,0.531762219
PI533792,-1.339684915,0.114943305,-0.779164705,0.469760899,0.274623498,0.417059999,-0.413785545,-0.05777097,0.84341601,-0.218605012,0.357296682,0.277737058,-0.0592665
PI595745,-0.445482429,0.636962718,0.776157838,0.080763382,0.653441721,0.493484546,-0.785997358,0.933350597,0.918392163,1.078187399,0.109965324,0.087859966,0.277704725
PI656110,-0.49386307,0.180691725,-0.705691802,-1.485831728,0.198185851,0.226938112,-0.395014564,0.607994925,1.622158589,2.704240683,-0.454182754,0.096754326,-2.071941282
PI655994,-0.672266543,0.026047467,-0.22585606,-0.524454502,-0.043177736,0.781930975,-1.568048311,0.177396959,1.678770577,1.694844648,0.068083201,-0.28946263,-1.236511582
PI598069,-1.760367625,-0.433831201,-0.993191364,-1.023297522,-0.037078566,-0.120754094,0.093196739,-0.408004104,1.088647979,-0.139431087,-0.020387439,-0.51877372,0.42219171
PI597950,-0.077144106,-0.170622268,0.825703609,-1.404955652,-0.451316081,-0.344514894,-1.355407537,-0.703650177,1.502151714,-1.206130623,-1.244109505,-1.574084183,-2.139960936
PI656114,-0.467381382,0.272955358,-0.397840368,-0.127382062,0.331270023,0.127183942,-0.128170069,0.225482605,0.43583017,0.046410911,-0.714502922,-1.364268296,-1.83858875
PI542718,-0.126714617,-0.038597381,0.664370429,-0.428973203,-0.454730415,-0.061943401,-0.569622998,-0.206801208,0.175683107,-1.665446627,-0.687954737,-1.179776172,-1.436801978
PI533752,-1.4475358,-0.493642146,-0.710697493,-0.245235456,-0.606924541,0.390514758,-0.203794654,-0.007126381,-0.280535783,-0.264442329,0.182064486,0.245434221,-0.293347752
PI576375,-1.997755766,-2.850404472,-2.032382555,-4.043903113,-1.995355078,-2.238672398,-3.689844668,-2.486427699,-0.798976471,-2.064802682,-4.820179932,-3.08141333,-4.200884822
PI533957,-0.194093832,-0.812336242,0.839961809,-0.904191346,-0.07865973,0.085883281,-1.022802405,-0.596030744,-0.42065735,-0.688738098,-0.587375959,-1.168244474,-1.287452987
PI533962,-0.665147711,0.011733505,-1.954229619,-1.436444683,-0.473883818,-0.640910583,-1.182116072,-0.785610475,-0.444785662,-1.023367427,-0.6438216,-0.960493605,-1.661483501
PI655998,-1.261806742,-0.096510283,-0.965193307,-1.871837748,-0.848785245,-0.70180685,-1.588891142,-0.295579942,0.02005445,-0.81877459,-0.437698836,-1.036375323,-1.789867321
PI576390,-0.372939692,0.203533317,0.964240401,-0.831345376,-0.068279351,-0.044458803,-0.368556835,-0.615447321,0.23653281,-0.417063657,0.135912421,-0.938051863,0.094050175
PI597980,0.891338476,0.500653741,1.795764203,-0.195749388,-0.431986539,0.560607781,-0.52124484,-0.114963437,1.207889758,1.911914724,1.148418074,1.798959199,0.90513916
PI656094,-0.640964044,-0.732484094,-0.418707011,-1.952560963,-1.032096421,-0.611826618,-1.679307352,-1.373829494,-0.310068861,-1.090272373,-1.044729161,-1.283235446,-1.739448623
PI597973,-1.362773687,-0.23211909,0.068201214,-1.547644699,-2.978994321,-0.552157222,-1.333710013,-1.314823428,0.539805056,-1.632042096,-1.016422242,-1.572895481,-2.219754915
PI533915,-1.452469798,-0.165441712,0.282348514,-0.538052,0.045550367,-0.062514374,-1.938293111,-0.316237075,0.129145085,0.502445161,-0.986687473,-1.342108297,-2.247906839
PI576434,-0.719397779,-0.615953046,-0.255639157,-0.923168653,0.054368721,0.196251291,-0.190756209,-0.382934397,-0.624420782,-0.527143487,-0.335203144,0.143948228,-1.556809108
PI656079,-0.350409069,-0.569912591,-1.284415404,0.589617766,-0.045782619,-0.384721356,-0.480968575,-0.782862421,0.308788996,-1.060675833,-0.318397654,0.587214045,0.072376572
PI656050,-0.839876619,0.537832758,0.600484781,-1.389277601,0.269768043,0.425751543,-0.527678458,0.229448071,0.511826692,0.059746345,-0.509967071,-0.980588265,-1.47531824
PI656033,0.111962902,0.721189999,0.537275802,-0.273072002,-0.080015277,-0.180917689,-0.284531352,-0.457685057,0.425078312,-0.249690616,0.219648748,-0.19587516,0.028415813
PI574455,-1.096513945,0.254889618,0.716837205,-0.498010725,-0.268108726,0.249935294,-0.097653907,0.334363858,0.870153789,-0.826061517,-0.143887518,0.021829761,-1.430930148
PI24969,-0.711535119,-0.027067163,0.534218453,-0.618238186,-0.177010748,0.012014112,-0.09250006,0.210693991,0.360619383,-0.930291316,-0.268379584,0.402492611,0.207696375
PI656049,-0.419300809,-1.983792006,-1.110531982,-1.850866016,-0.876319419,-1.335757275,-1.797675695,-1.677629572,-0.619437751,-1.014439835,-1.219276285,-1.412779222,-2.093638076
PI656034,-0.628609706,-0.221832452,1.136270325,-1.094649551,-0.551288909,0.333531922,-0.90864696,-0.100217421,0.558408624,1.040833629,-1.226221011,-0.643653836,-1.97250584
PI595718,-0.459654289,-0.016118728,0.050555723,-0.706217345,-0.187677063,-0.086976851,-0.638834288,-0.765159316,-0.841384889,0.32595537,0.228488231,-0.178444458,-0.739006012
PI659753,-0.993693325,-0.981043489,0.477943745,-1.838263651,-1.388188538,-1.335352144,-2.137834981,-2.147385418,0.599943782,-2.210476765,-2.033772101,-2.30108276,-3.276325073
PI595744,-0.23774281,0.234644004,0.787126701,-1.17204988,-0.731048618,-0.355468005,-1.489445239,-0.828031445,-0.160741858,0.380065324,-0.842002389,-1.589107463,-2.365838856
PI533776,-1.439087143,-0.420213967,-2.181471402,-1.844882281,-0.37241473,-1.036184359,-2.271280571,-1.443263204,0.238488554,-1.131120003,-0.903631392,-1.578241354,-2.482229299
PI656119,0.172720304,-0.469447878,-1.861809035,-1.371639336,-1.92400303,-1.171485223,-2.042956211,-1.467329213,-0.366151181,-0.691641185,-0.427327482,-0.722812321,-1.4687988
PI595743,-1.576756561,-0.236752553,-2.777767177,-1.984722276,-1.262476977,-1.111522814,-1.852523606,-1.824967361,-1.420423176,-1.828268175,-1.234979329,-1.838876583,-3.017491278
PI534047,-1.669089559,-2.213120376,-2.519827053,-1.643459858,-1.863902607,-0.92004587,-1.697594615,-1.531287907,-0.145081039,-1.238834983,-1.467036992,-2.375253649,-1.567656113
PI656077,-0.950156347,-0.38019779,0.414594441,-0.801858666,-0.846908755,-0.318941322,-1.230836181,-0.62980124,0.469541213,0.828259165,-1.048244028,-0.897479331,-1.624027806
PI533989,-1.458469756,-2.077852243,-0.89747348,-1.540867568,-1.308601484,-1.11564155,-2.289045628,-2.742204271,-0.322830305,-1.681407419,-2.057145926,-2.528425826,-2.386705888
PI656043,0.05663493,-0.701426863,0.044974504,-1.091053938,0.10914872,-0.554751687,-1.507672,-0.87918867,1.237377387,-1.452851429,-2.037698011,-2.082968647,-1.672807679
PI656055,-0.200939585,-0.941439998,-0.594557422,-2.143157614,-0.728782451,-1.25570778,-2.347901442,-1.553712601,-0.52735181,-1.830737271,-3.279538252,-2.290159018,-2.404417252
PI659693,-1.57512027,-2.386324357,-2.087233602,-1.291163729,-1.170964272,-1.422781952,-2.497463155,-2.66703053,-0.910453137,-2.39644501,-4.490935407,-2.607312577,-2.802825936
PI533871,-0.434948176,-0.886262704,-0.600742996,-0.555444322,-1.923692925,-0.452746277,-1.806529281,-1.11876191,0.408681513,-1.609230891,-2.629911118,-1.322664964,-1.872432269
PI533910,-0.120777131,-0.17651929,0.142027344,-0.289303505,-0.249932166,-0.109607075,0.072113897,-0.627549873,0.761413101,-0.557468156,0.598318097,0.725750772,0.437811266
PI656070,-0.07535958,0.380946624,0.108177898,0.6105082,-0.014312215,0.642892094,0.022847377,-0.030993359,0.509614183,-0.022123994,0.195751975,1.053519459,0.376604452
PI656016,-0.443724282,0.863286474,0.485610008,0.089069208,-0.178015127,0.473445478,1.29451836,1.092250352,0.472544092,1.424271556,0.454288027,-0.314267094,0.320842137
PI656076,0.129355774,0.446454955,0.247196325,0.45567425,-0.130339221,0.760413278,1.058837523,0.705183219,-0.157915361,1.161492613,0.838618244,-0.026325491,0.965822958
PI533965,-0.386619035,-1.099707019,0.210116002,-0.636954916,0.233291889,0.59389441,0.621027235,0.359201722,-0.416246952,1.398002075,0.786135844,1.090332346,1.077550488
PI656121,-0.127133569,-0.639418795,-0.213506149,0.378828896,-1.44964553,0.087419139,0.085008188,-1.063653728,0.611644461,2.22622575,0.64915869,1.053819643,1.272982591
PI655973,0.297578429,0.663774911,0.335737476,-0.035159732,0.264129756,0.500921615,0.315469132,0.588747294,0.28840089,1.385219051,0.000451322,0.31401859,0.405291391
PI534123,0.723848673,-0.100022705,-0.1976167,0.003196823,0.411688137,-0.006859466,0.509976696,0.224486034,0.076280873,-0.833028087,0.097372276,0.341397882,-0.080837894
PI655976,0.368124366,0.385752066,1.008138072,-0.505386259,0,0.391799191,0.126642997,0.354113283,1.186624874,0.357022027,0.973658329,1.076982719,0.756577649
PI655978,-0.037719492,-1.422432402,-0.578549955,-0.825035486,-1.786162286,-0.51549172,-0.310020139,-2.270251391,-0.883401078,0.970223162,-0.486029739,0.222255925,0.011926954
PI656107,-0.155426817,-1.332572929,-0.207634229,-0.259076436,-0.377277968,-0.280234359,-0.224990238,-0.303046382,0.115593396,0.435692353,-0.083775971,0.67558761,0.292124808
PI597945,-0.723520988,0.228328326,-0.554561128,0.531224372,-1.612948962,0.31342247,0.351502395,0.921876252,1.684067022,1.81251559,0.179147553,-0.235732926,0.180177659
PI533852,-0.387677368,0.210600188,-1.102288741,-0.344659723,-0.747093187,0.126435424,0.779672573,0.388527195,-0.42196362,-0.023861697,0.014930684,-0.436510035,-0.493884516
PI534063,0.35243987,0.030050496,0.048301755,0.013471023,-1.750413151,0.070274748,0.073260233,-0.919302471,-0.659912026,0.934434949,-0.477782058,0.816560317,0.377234036
PI656024,-2.516780481,-1.098834806,-2.677940099,-1.234030218,-1.724779203,-0.190611438,-0.284760462,-1.539292506,-0.975194649,-0.161937741,0.168465728,0.352221651,-1.482108119
PI655997,-1.6180842,-0.540911038,-1.597286243,-0.758217914,0.133319452,-0.416010961,-0.211076793,-0.079130389,0.411818055,-0.608682937,-0.162958515,-0.120032937,-1.045532555
PI533939,-0.631861519,0.593772977,0.403271483,0.623795496,-0.095110534,0.731379467,0.52015433,0.188591124,0.176857022,1.823303769,1.610205387,0.678685106,1.501092614
PI585295,0.601772867,0.442789315,0.107779862,-0.212634997,0.327330231,0.29991779,1.052720551,1.058272352,-0.56831339,0.518405817,0.67064664,1.14800124,0.610346592
PI655986,0.622527108,-0.114344354,-0.382638908,0.087111756,-0.555079288,-0.21869227,0.202519964,0.08464969,-0.156573234,0.519717674,0.443804531,0.253710603,0.334288769
PI656001,-0.616634601,0.549614117,-0.826379755,0.517861933,0.546353318,0.461413912,0.334620243,0.365698251,0.403821227,1.268743478,0.689794582,1.007956496,0.318043126
PI642992,0.456279147,-0.285859612,0.120589872,-0.307225672,-1.801551486,-0.153006591,0.40886397,-0.105671076,-0.166555521,1.402045707,0.166026168,-0.058225409,0.999917692
PI656060,-0.039053042,0.250354223,-0.517107477,-0.877854797,0.590740222,-0.224686155,0.563586959,0.660545017,-0.264941469,0.855325476,0.328948343,-0.162355967,-0.714675853
PI656031,-0.793327349,-0.110468995,-0.266823984,-0.942667812,-0.406814347,-0.086551147,0.171248434,-0.03717346,-0.488028964,0.207531549,0.140183634,-0.628504369,-1.188143466
PI533750,0.122502309,-0.014279305,0.096757557,0.042178345,-0.377334342,-0.548125122,0.264700487,-0.698484868,-0.05975739,1.244052847,0.087548257,0.647290282,0.354878643
PI576393,0.350838846,0.062142082,-0.129010927,-0.492522277,0.011512868,-0.003744962,0.263332834,0.150387602,0.137751746,0.034028632,0.222670021,-0.297610538,-0.599076604
PI564163,-1.629467681,-5.215137198,-3.744883144,-3.260519399,-1.311687384,-2.266371293,-4.743955329,-2.226554612,-1.926011162,-3.489145774,-4.724369185,-3.491131502,-4.339115398
PI533824,-0.967652629,-0.125986536,-0.421539429,-0.537456501,-0.461229363,-0.341886358,0.006363655,-0.334548279,0.290221893,1.488606558,0.609746394,-0.165272175,0.67526429
PI656009,-0.146075932,0.120835926,-1.035896564,-0.613448497,0.461425939,-0.129762688,0.042407741,0.404908336,0.154952172,-0.264582787,-0.224750359,0.721634114,0.083051473
PI534114,-0.863083126,-0.333900543,-0.115238404,-0.224683574,-0.682317033,-0.049232729,0.53682579,-0.102247131,-0.207319048,1.251165243,0.173614989,-1.268336421,1.23469501
PI576435,-0.331601991,-1.949806842,0.605475644,-1.426685701,-2.713806079,-0.44940996,-0.989121374,-1.377896963,-1.310397205,-0.159673449,0.077497022,-0.246891783,-0.159130395
PI534070,-0.408281265,-1.439135906,-1.010081541,-0.391214386,-2.007181465,-0.607973156,-1.321959342,-1.876708493,-0.881970594,-0.833250696,-1.160835946,-1.015450606,-1.019219106
PI656083,0.560313634,-0.446076467,-0.011667754,0.292110904,-0.991706612,-0.071484703,-0.4067242,-0.150626107,0.199970331,1.102390772,0.261718748,0.549319532,0.248844583
PI533956,-1.236546909,-0.814957386,-0.023427128,-0.390559862,-0.258671647,-0.181646987,0.131204339,0.04625318,0.411619371,0.515097706,-0.462608151,-0.993770308,-0.960448253
PI533991,0.596485468,0.396584456,0.388079608,-0.269362973,-1.694740397,0.713579047,1.035299941,0.465918614,0.619233574,1.421631136,0.852011057,1.673285579,0.637261967
PI533997,-0.320754087,0.002054501,-0.22576207,0.135838868,0.341246196,-0.000958366,0.261963422,0.07784467,-0.063133705,-0.777092061,-0.49079175,-0.392412853,-1.229487206
PI656035,-1.069020527,-0.679928887,-1.536757848,-0.90317184,0.232241433,0.076652065,-0.592427978,0.153630502,-0.661383396,-0.566192789,-1.020334326,-0.792341379,-0.878250314
PI576366,0.673889286,-0.154631061,0.502856706,0.121722482,-0.53891144,-0.047695192,-0.39443818,-0.80760016,0.909217512,1.638305794,0.343812417,-0.466508131,0.982856065
PI576425,0.098060434,0.807842724,0.161754855,0,-0.236791086,0.00776271,-0.047095458,0.155705285,1.936058669,2.34668992,0.057589838,-0.639357196,-1.499820642
PI655979,-0.629843362,0.002836836,-0.525086856,-1.118491889,-0.459927903,-0.291010613,0.057028898,-0.022252116,1.670717606,0.964331395,-0.680063314,-0.823869316,0.004976295
PI656099,-2.535456283,-0.205379959,-3.188610517,-1.799625144,0.279626017,-0.417581925,-0.241581879,-0.220495583,-0.894760156,-0.721504898,-0.559740508,-0.140160978,-1.526518816
PI534117,0.417741198,0.416367725,0.476642416,0.28020258,0.211595823,0.422538654,0.531489681,0.863407999,1.528944969,0.094495609,0.529383972,1.593481256,0.655464182
PI656092,-1.228183968,0.462886914,-1.594528034,-1.89509075,-1.501556829,-0.574404087,-0.71776464,-0.147561098,-0.160925316,-0.689509789,-1.559633813,-0.738478122,-2.175489928
PI656051,-0.111084101,0.962840266,-0.077454156,0.809892792,0.116132847,0.321032675,0.62804043,0.774220779,0.600520539,0.500474879,0.39943494,0.236918654,0.894972677
PI597972,-0.005251355,0.754822833,0.050283385,0.19504896,-0.565133627,-0.207847774,-0.247625696,0.52224332,0.713823671,0.034539687,-0.174218559,0.158263442,-0.341326075
PI641849,-0.009795614,-0.13314501,-0.025973301,-0.635349518,-0.475564269,0.184995996,-0.225265077,-1.144196628,0.061342094,-0.382490965,0.34472762,-0.658876354,-1.846274007
PI564164,-1.328444584,-0.999695218,-1.919915386,-0.798241594,-1.492553231,-1.234369906,-0.877294308,-1.750499204,0.054015733,-0.77446873,-0.527735348,-1.290414708,-1.447460026
PI642791,-0.692363528,-0.081484303,-0.653491873,-0.813039102,0.591395088,-0.216803553,-0.644971109,0.231117691,0.117362932,-0.27879939,-0.818626059,-0.615266092,-1.638044155
PI533877,-1.880740777,-2.301635818,-1.558859824,-0.385805149,-0.459599644,-0.999298265,-0.768774799,-2.091701548,-0.860102468,0.372101426,-0.424707291,-0.780561604,-1.629477573
PI655987,-0.834723408,0.419934002,-0.325870118,-0.817157211,-0.2661865,-0.766261136,-1.199535629,-0.640591608,0.883635833,-0.74018141,-0.447371097,-1.453655405,-1.84178512
PI576437,-1.231642411,-0.946607536,-2.111224239,-2.338464836,-1.724262553,-1.231141696,-2.328471337,-1.190024972,0.247726392,-1.474681294,-4.048163995,-2.558230491,-2.850874735
PI576373,-0.25743572,-0.99751214,0.062494971,-0.479872987,-0.359511369,0.0724129,-0.24304179,-0.456434609,0.248124214,0.760948051,0.245402422,1.035498094,0.520785775
PI597964,0.227286559,0.336328158,0.123882249,-0.583524197,-0.13998476,0.599664633,0.116182087,0.493042731,0.4104472,1.153139064,-0.384703555,0.858573396,0.480898569
PI533985,-0.567706086,0.394811996,0.775284374,-0.380128456,-0.517289401,0.042654717,-0.082296892,0.186719904,1.003110538,-0.889882009,0.010728674,-0.547347235,-1.546919979
PI276837,-0.692990066,0.488955795,0.088529198,-0.862100433,0.500443249,-0.046444889,-0.603521577,-0.057931494,0.362771191,-0.973236115,-0.525332877,-1.308861871,-1.648687859
PI656097,-0.870260183,0.040260939,-0.090244337,-0.275643449,-0.334593278,0.133758792,-0.035809356,0.357955221,0.462731445,-0.580576383,-0.71333,-1.057956391,-1.073925179
PI534145,0.441371505,0.783527512,-0.605100894,-0.631033694,0.800148051,-0.242166382,-0.063964142,0.188633671,0.161302581,0.257912978,-0.202537741,-0.910494472,-1.501289564
PI533833,-0.410554744,-0.160657681,0.745187039,-0.049078718,-0.17167323,-0.129188178,0.039938104,-0.141443303,1.054507057,-0.417240746,-0.31976745,-0.743966319,-1.577749724
PI534028,-0.420160742,-0.330276743,0.870159616,-0.744429449,0.129795483,-0.467499938,-0.307013083,-1.090670653,0.526930966,1.294543941,0.604357769,-0.424200826,0.24727416
PI597946,-1.689563954,-0.731299684,-3.329855562,-0.94058342,-1.530019978,-0.975873155,-1.701870586,-0.827887848,0.856091404,-0.51629703,-1.159459312,-2.23617342,-1.557179236
PI533987,-0.563436678,0.484425688,1.382168279,-0.903724464,0.190576054,0.678186043,-0.244545557,0.482920862,1.050099734,1.347637224,0.920867339,1.549395693,0.712081477
PI656087,-0.379819075,-0.00820933,0.733618712,0.59604338,-0.042443179,-0.418847506,-0.720954566,-0.77206868,0.248736715,1.162238874,0.092252662,-1.482799272,0.36072465
PI534046,-1.484401694,-1.126034995,-2.21777265,-1.586508614,-1.330550655,-0.669467009,-1.166888062,-0.787173678,0.74284806,0.986368455,-3.561571397,-0.960234865,-2.447834787
PI533830,-0.543897139,0.040781295,1.44972978,-0.328538244,-0.935565948,0.067662783,0.095514369,-0.236964307,-0.266059622,-1.435642367,-0.510729543,0.077846767,-1.036812631
PI597971,-0.554797343,0.097553449,0.74754662,0.088627528,-1.472819641,0.443141137,-0.158283602,0.37898344,0.370718506,1.368913751,-1.023150713,-0.667113601,-1.016002573
PI656041,-1.028207027,0.44500596,-0.983079078,-1.083733234,-0.294252173,-0.211400262,-0.400123322,-0.292500573,0.419775061,-0.788590565,-1.418763697,-1.229850745,-0.96555129
PI576387,-1.35334937,0.182063435,0.625792154,0.575330743,-1.041001982,-0.633199193,-0.774166198,-1.855739939,-0.658962864,0.637900895,0.770497347,0.232181806,0.20887405
PI534124,-0.213904544,-0.048552347,0.522906903,-0.388512954,-0.644444512,-0.606870521,-0.515745622,-0.996815025,-0.852429327,-0.345407457,-0.963818026,-0.333285938,-1.666079023
PI597966,0.126539315,-0.244832468,-1.773661426,-0.678719382,0.094292334,-0.514085345,-1.720290382,-0.86258547,0.903852016,1.673102223,-1.092100124,-1.42917178,-1.759805829
PI533912,0.3850606,0.981423177,0.092894255,0.229366203,0.533733164,0.337499516,0.339247166,0.373566758,0.231510808,0.836507403,-0.4809252,-0.077004016,-0.602024941
PI656111,0.584906047,0.075279867,0.118393054,-0.354118097,0.206488301,0.016304979,-0.719657082,-0.68333438,-0.166011909,-0.275334735,-0.304818945,-0.404548514,-1.320231722
PI576333,0.517556791,0.63906671,0.321868853,-1.071583621,0.233107081,0.37775938,0.043818695,-0.320842507,-0.896513041,0.200086958,0.144009272,-0.724292776,0.165091544
PI656056,0.217216272,0.479793546,1.038083146,-0.327403282,0.376602912,0.074372353,-0.013004087,-0.261852308,-0.650471948,-0.487962296,0.074591203,0.521708804,-0.751516523
PI534112,0.050269679,0.826766063,-0.495543126,0.292869916,0.83961303,0.457168066,0.608852048,0.784922849,-0.463993002,0.752315346,0.320183867,0.361588449,-0.052149894
PI576428,0.163272728,-0.154160171,-0.725630994,-0.301597226,-1.649870037,-0.689059526,-1.439706864,-1.321019328,-0.572113853,-0.649068015,-0.854951662,-0.827183822,-1.309015997
PI533919,0.701484693,0.549892984,-1.072284993,-0.199808892,-0.804636925,-0.157170654,-0.073006705,0.647708214,0.130027352,1.785857233,-0.971886151,-0.869828448,-0.655801195
PI659695,0.147119693,1.187997363,-0.177502919,-0.510292606,0.843940991,-0.201203933,0.175808234,0.506913888,-1.100888328,0.885998044,-0.422928003,0.410956521,-1.531982631
PI656047,-1.518394928,0.60593883,-1.152221151,-0.715526395,0.834945406,0.559032896,0.505277467,0.168615338,0.243401229,1.421501352,-0.176700248,-0.453292284,-0.540247641
PI601816,1.031316376,0.057911787,0.196416512,0.627265644,-0.328394867,0.181431703,-0.162065416,-0.150249019,-0.694312032,-1.388276894,-0.430874857,-1.003395901,-1.589401768
PI576399,0.866561269,-0.363480746,0.496203353,-1.162219618,-1.373912026,-0.57139422,-0.747175967,-1.399176089,0.06578394,-0.37430929,-0.618116939,-0.832163923,-2.309581242
PI552861,-0.901933049,0.227275732,-1.158839988,0.221217681,0.264201292,-0.526072245,-0.340322397,-0.572580891,-0.123539646,0.14213478,-0.577138322,-1.385016139,-0.779437777
PI576332,-1.756784153,-0.308963702,-1.609263994,-0.049873031,-1.207516879,-0.947226256,-0.617644398,-1.456204493,-1.426303528,-0.766325452,-0.803239879,-0.955468769,-1.307140042
PI561072,1.220297284,0.279888161,-0.224591039,-1.041633387,0.671236944,-0.074333272,0.043492237,0.003760835,-0.393642038,-1.246561524,-0.265139242,0.461034405,0.049017165
PI534009,0.279738594,0.607149758,-0.012090219,0.440993926,0.73669536,0.219380408,0.583038245,0.698509304,1.255518738,-0.616009549,0.434363103,0.706496379,0.540568798
PI534157,-0.349909712,0.043550378,-1.244577489,-0.651231533,-0.019285139,-0.233530644,0.232512205,0,-0.537661125,-0.042231329,-0.573242909,-0.448803558,-0.922076495
PI656061,1.191476502,0.455609252,0.371953148,-0.168791758,-0.277701197,0.210818972,0.21040447,0.510272423,-0.095376044,0.861722742,0.783433878,0.412816159,-1.014585031
PI534132,0.166684678,1.760677344,0.4216009,-0.362785929,-0.007198288,1.012423458,0.735544521,1.172543672,0.920812564,2.195907559,-0.032752435,0.833381449,0.158380688
PI552856,0.817482626,0.184111462,0.340085677,0.15558686,-0.624044666,-0.049402223,-0.557367656,0.0820765,2.367846588,1.979219358,-0.704940554,-0.650021752,-1.037214707
PI533761,-0.005128961,1.648718285,0.135331034,0.72855762,0.843649603,0.720461552,0.337331207,0.501571499,0.980818062,1.052655018,0.940858048,1.431770478,0.935795468
PI597957,-0.894533568,0.44751991,0.885438965,-0.500740433,-0.519917613,-0.169005436,0.534897372,-0.123111548,0.897572251,0.102262576,0.361671953,0.61892771,0.367959671
PI656032,1.044288262,1.21613345,0.705847745,0.360753894,0.223908979,0.875752128,0.163815525,0.703691363,0.114962575,0.124539475,0.752853687,1.604631469,0.686856608
PI656030,-0.746936534,1.519738618,-0.310436227,0.351437298,0.165948687,0.328874633,0.618993667,1.094077423,0.45670243,1.086218328,0.078722501,0.850429144,0.468542935
PI576418,0.639987909,0.523677389,0.562237487,-0.093710318,1.066364814,0.700248656,0.632664943,1.059402347,-0.245702235,0.389286047,0.276749345,0.73023149,0.342909251
PI656103,-0.754619884,1.023064755,0.853214471,0.135976253,-0.329313749,0.596809763,0.624185235,0.63446318,0.329292612,1.856719331,1.469958244,2.539613753,0.908519447
PI533831,1.126044986,0.270101546,0.569982044,0.114763937,0.368367782,0.26308758,0.168196513,0.017732327,-0.315915289,0.795500682,0.41845852,0.352901507,0.506482973
PI576349,-1.26341391,-0.445856384,-1.611360343,-0.637059808,-0.880308941,-0.364324527,-0.788352961,-0.520800571,2.432539616,1.805207458,-1.23997836,-0.409718518,0
PI642793,0.70874345,0.120140176,-0.336721677,0.014379398,-1.211678562,-0.163549679,0.576632522,0.718158244,0.790448369,0.551283984,0.533719358,0.412277245,0.204259109
PI540816,0.082156826,-0.807333505,0.552485077,0.477689458,-0.423030843,0.277654783,0.440947081,-1.058223445,-1.151428458,1.606494442,1.1556242,1.528988229,0.773729321
PI655980,1.54777596,0.114869767,0.737059962,-0.082702508,-0.587222053,0.256237246,0.247311958,-0.604159201,-1.103771886,1.614455467,1.179093354,1.036680372,0.921934999
PI656078,-0.341866675,0.942369216,-1.385713825,-0.480923922,0.603185993,-0.092038991,0.395677681,-0.27281009,0.190729008,-0.110828275,0.33651193,1.78006329,-0.089717113
PI597952,0.543208114,-0.241724508,0.559520713,1.511046163,-0.212969018,0.42531185,0.697672993,-0.740713663,-0.052770474,2.411260669,1.846938759,2.015972604,2.074081264
PI533869,0.517718706,0.290820506,1.254353385,-0.78896911,-0.714017484,0.204921856,-0.005143766,-0.386728471,0.039889692,-0.136823811,0.428099862,0.705080978,0.443986147
PI656018,-1.167451676,-0.757605333,-1.128072685,-1.049568628,0.265341839,-0.342368081,0.182318403,-0.747330837,-1.177006372,-0.893951478,-1.881484739,0.405592585,-0.038467543
PI534138,1.460333602,1.052029273,0.731850393,0.997474153,0.783739335,1.136495191,0.436311312,0.476801916,-0.711187091,1.868794844,1.102626137,1.895388396,0.482062991
PI534079,-0.25441583,-0.295391963,-0.159652367,-0.746078951,-0.484527641,0.128253637,-0.227991404,-0.331888464,1.102786049,0.039749266,-0.418072225,-0.099468723,0.25168999
PI17548,-0.603795175,0.038415433,0.144169136,-0.55895805,0.456919828,0.211276259,-0.139763716,-0.480212804,1.12548062,-0.142950621,0.14415356,1.151831672,-0.615018188
PI533766,-0.136763028,0.457086861,0.646093058,0.123841853,-0.109769136,0.349098571,0.523077467,-0.57997702,0.088078014,2.16833352,1.189501853,2.19670608,1.772076544
PI533913,0.53334745,-0.149155623,0.247648991,0.907521636,0.258754082,-0.285187652,0.016399512,-0.702390074,-0.42090775,-0.16803312,0.509255404,-0.020637044,0.767576049
PI656059,0.820988881,0.405315302,0.536332257,0.793219574,0.104549726,0.439821096,0.78787356,0.640487983,-0.181818968,2.005973527,0.907934537,2.311305633,1.431582329
PI656081,1.613493004,-0.152660511,1.554684648,0.535645017,0.526306348,0.187034681,0.538990126,-0.123130624,1.228981068,2.352703224,1.840881462,1.261150209,1.659789338
PI656064,0.978372286,0.536920682,0.573490703,0.854545205,0.705119917,0.303598675,0.20163317,-0.215314942,1.230982697,1.724358812,0.734985764,1.616162729,1.214259663
PI533878,0.432495996,0.752654903,0.430728772,-0.310208918,0.06545796,0.21640497,0.299188451,-0.184056286,-0.487933797,1.747057466,1.148020487,1.740280278,1.27066309
PI576340,1.675593697,1.372814011,0.724605393,0.490777983,0.837340591,0.882608066,0.714410794,0.995117224,0.198981713,0.569798002,1.622483156,2.420361817,1.159970243
PI656065,0.463741761,0.937822707,0.404027492,1.524143612,1.059555042,0.464575074,0.584255145,0.635663348,1.396832771,1.608148742,-0.204740423,0.245969537,0.745573815
PI656000,-0.478096986,0.932861083,-0.039185347,0.055867109,-0.623934176,0.730122699,0.603250279,0.886346135,0.724102061,1.164931056,-0.331723425,1.295315125,0.88042381
PI534163,0.20764063,-0.268947867,-1.063655472,-0.256862808,0.199096144,0.035845359,0.432576576,-0.143651013,-0.730742249,-0.745414174,0.027517392,0.664030902,0.485122058
PI607931,-0.02107693,0.246608063,0.313501687,0.835917044,-0.167044029,-0.012730594,0.39587465,0.494781903,0.413820596,0.391941202,-0.260184621,-0.320244172,-0.715014574
PI595741,-1.005602155,1.096953193,0.098465904,0.149470964,1.011943163,0.741457232,0.676693069,0.553348076,-0.308772132,0.799188687,-0.108200133,0.208641732,-0.101964629
PI566819,0.508845436,0.911853328,-0.490051684,0.227947307,0.975604793,-0.043979944,1.103207612,0.543766325,0.308784581,-0.815419333,-0.01642734,0.510041682,0.189879699
PI595699,-0.421161124,-0.79119102,-0.694537315,0.272940828,-0.137607053,-0.202034255,-0.083707327,-0.066269953,0.448184565,1.241442996,0.214955972,0.771773209,0.472949001
PI655972,0.227315596,1.676935473,-0.157437677,0.162512937,0.939863258,0.969245411,1.311556538,1.11658241,0.42041538,0.618430618,1.310699959,2.090470972,1.222827001
PI655995,-1.422508763,0.305663702,-2.068854802,-0.561009066,-0.245924324,0.083708372,0.346361351,-0.180330335,-0.088705677,0.633141973,1.227185651,2.171962942,0.182961721
PI656091,-1.043630227,0.628785293,-1.255779721,-1.060113943,-0.193384034,-0.429543144,-0.368558899,0.183146873,-0.355845256,-0.854042151,-0.970638265,-0.216271431,-1.204702666
PI576339,-0.397751165,1.089047685,0.065478233,0.216238643,0.362349631,-0.125789313,0.76595736,0.410892514,-0.669274285,0.487304835,0.859958073,0.346687917,0.406766176
PI533938,0.347864575,2.380380703,-0.000371522,1.916667176,0.586845397,1.205714336,1.398987663,1.565451092,0.438890618,0.841078448,0.637190527,2.234738277,0.595850794
PI533937,-0.597607005,-0.142800832,-1.789221633,0.870299306,0.099461138,0.250621114,0.821947245,0.067772042,-0.616665943,0.354357912,0.339747546,1.344737304,0.982209706
PI655992,-0.027927869,0.463793427,-0.675961637,0.130691941,0.005967779,0.071510571,0.390874669,0.553344119,-0.159729416,-0.526946787,-0.267510434,0.967749997,-0.544804924
PI655985,0,0.248359118,-0.959274399,-0.168097412,0.114788578,-0.173937276,-0.378769573,0.31502255,-0.023695883,-0.133443784,-0.298741277,0.823658686,0.302046171
PI656040,0.849290217,-0.180353417,-1.156940851,0.779801182,-0.405199451,-0.545533952,0.083020144,-0.611056974,-0.176347388,0,-0.294552124,-0.026656253,-0.000313843
PI534144,0.249091546,0.377626516,0.836735394,0.095983977,0.272235257,0.765149647,0.46131095,1.084150559,-0.658158988,0.397499184,0.327157455,1.146596641,0.619232652
PI576380,1.225067587,0.434961644,0.667664227,0.615429683,0.152093481,0.6594757,0.342685531,0.23485075,-0.273165539,1.503906408,0.834485573,1.722073143,0.959950497
PI533967,0.096310354,0.767260569,0.739905507,1.063928106,0.054624174,0.577073804,0.799491424,0.244290045,-0.611498966,1.704084075,0.792071072,1.406371249,1.155114931
PI597960,1.600378512,1.110351824,-0.593009547,0.52698543,1.314242704,0.370974146,1.007715884,0.764104351,1.62495147,1.346619751,0.740693027,1.301557104,0.902188063
PI533996,1.367785362,0.193199647,1.061117644,1.236305653,0.370920025,0.419337301,0.807225482,-0.776706101,0.026845046,1.898791046,1.38739361,1.147934815,1.534091439
PI548797,0.574719877,1.728458249,0.41447294,0.950603809,1.042407821,0.733581498,1.730866891,1.532869847,0.497826485,1.539510626,1.126600124,1.864684139,1.205520418
PI656046,-0.218577042,0.943808959,0.950739305,1.042581766,0.566362193,0.812126561,1.330329704,0.589727087,1.492753378,2.012560985,1.30331564,2.721266138,0.962693923
PI656058,1.490386459,1.197568494,0.858490014,-0.151503277,1.477719143,0.526145658,1.113753711,1.438221815,0.377795096,-0.495015641,0.496893868,1.555661184,0.126335306
PI655993,1.179290318,0.790363842,0.279667661,1.625642422,0.807450136,0.29465208,1.357993418,0.53603417,-0.07222036,1.703661695,1.499105891,1.329913226,1.281743356
PI656109,0.12857583,0.077473399,-1.381557508,0.318724909,-1.99120968,-0.015436503,-0.112412911,0.0088259,-0.427135708,-0.142621022,-0.072472318,0.592705474,0.187798642
PI533961,0.602332089,1.087564822,0.695890665,-0.09352277,1.169578186,0.834437905,1.623094751,0.948283736,1.171596584,1.427860028,1.05083139,1.838365912,1.373996017
PI533911,1.490108577,0.002526448,1.026036439,0.706589932,-0.346064316,0.495143577,0.679282638,-0.254727899,0.232725335,2.326624249,2.030963951,1.216042403,1.18707701
PI534053,-0.256138063,1.081976008,0.745831583,1.2957334,0.179316039,0.187329075,0.833886405,0.600696295,0.527156368,0.633042519,0.261317972,1.403242612,1.090365132
PI534108,-0.660712657,-0.031631567,0.177058566,0.15734488,0.417028663,-0.256976047,0.41572522,-1.096457601,-0.980050649,1.869604139,1.225473578,0.235168412,0.447577516
PI656006,1.021544253,1.255585207,0.512063775,0.808142073,-0.252456083,0.128148051,0.23257323,0.104080093,0.452786787,1.334060037,0.038113811,0.191828295,1.201251928
PI576381,0.029458966,0.470829145,0.667677379,0.483643285,0.081208084,-0.056438612,0.663837583,-0.457635998,1.463875489,2.098794635,1.343817651,1.857419844,1.964292665
PI533842,1.197022289,2.43617501,1.003831002,-0.335966515,0.257981405,0.599725898,1.696676418,1.29551069,0.508038832,1.975944238,1.24876358,2.122528966,0.996782959
PI656010,0.509399584,0.977126489,0.243112333,0.733163788,0.349499646,0.233228951,0.968941138,-0.299839573,-0.145544884,1.902406747,1.424388875,2.301152963,0.996001218
PI656014,0.88366212,0.883935957,-0.927531704,-0.048255854,1.035150461,0.947841241,1.365098023,0.646666634,1.576697388,1.152583774,1.082010401,2.004991269,0.520965811
PI656002,0.76665218,0.404242799,-0.810571709,-0.045271687,0.271375678,-0.135705711,0.708534307,0.531952365,-1.027113647,-0.514368093,-0.174669005,0.579998019,0.698691356
PI595739,-0.046584252,0.102526865,0.873844434,0.293710964,-1.446823346,0,0.280367583,-1.344447801,0.83582561,1.943796726,1.313833201,1.547067179,1.120627307
PI534137,1.674105617,1.039935567,0.359928392,0.907806931,-0.332276867,0.548504851,0.944299036,0.912720373,0.282666366,1.416462484,0.830296324,1.684305718,0.658029809
PI655990,0.860961712,1.039614757,0.87393484,1.14767516,0.48983107,0.754597975,1.531664231,1.263868782,0.880180289,0.815404216,1.075773612,0.943477878,0.900382999
PI533757,1.111355392,0.937793648,1.026844088,-0.326273158,0.313989375,0.466638152,1.092567698,0.521241722,-0.202295698,0.795004403,0.961536621,1.592026236,1.312406685
PI533976,0.081245327,0.738836071,0.415090681,1.524967118,1.407385108,0.814427944,1.695746956,1.716193605,0.273301276,1.437319728,0.548101553,1.21686484,1.650805062
PI629034,-0.467693066,-0.881555587,-1.490728226,-0.332923518,-0.215933479,-0.479048391,0.283067565,-0.911169427,-1.344524908,0.463608887,0.16690179,0.228050499,0.170419304
PI533856,0.990091025,1.404281901,0.670815402,0.985526787,0.943852844,0.25083782,1.086106525,0.87667586,0.42407213,1.511932743,0.522080967,1.45425384,0.982316614
PI533970,0.558319393,0.614808396,0.56330133,1.225439036,0.579652222,0.379618492,0.748137386,0.949772207,2.089374134,1.80872746,0.037983819,0.798395277,1.170337549
PI534116,0.476094568,0.422564991,-1.98950191,0.712338955,0.095456701,-0.021173473,0.91772964,0.852486778,1.693250784,1.476273719,-0.145698465,0.386957176,0.780642429
PI629040,0.772724033,0.523350638,0.453945257,0.331647533,0.495766663,0.041285741,0.405923084,0.903787686,0.773252354,0.453182794,0.268372589,1.144004552,0.723625731
PI656073,0.536234512,0.583528019,0.601632927,0.39439247,-0.154312433,-0.104243626,0.626873633,0.471868437,-0.165718641,0.256106518,-0.058528211,-0.772122773,0.700245334
PI533810,-0.926399163,0.366897752,-2.065081677,-0.257693632,-0.448895265,0.20286735,0.690933747,0.724064674,-0.256081448,-0.460671052,-0.110981829,-0.426609911,-0.175623751
PI629059,1.190899592,0.079577734,-1.01256557,0.43514478,0.348408072,-0.343978971,0.347317941,0.591907821,-0.19696854,-0.325429789,-0.250671118,-0.91888683,0.960202705
PI655975,1.628624779,1.017207767,0.508044924,0.040565211,0.500879203,0.329608038,0.921994396,0.619740743,-0.103488107,-0.35755825,0.553653842,1.471182694,0.727563282
PI533758,-0.154788226,0.663230561,0.977093042,1.179476015,-0.585824436,0.167377987,0.354176429,0.742217237,0.033699914,0.154116008,0.268666668,1.140677127,0.9125396
PI642998,0.569901465,0.70778441,-1.11743851,0.36864986,-1.181673668,-0.040809248,0.702462255,0.230614098,0.101847602,1.546846983,1.702387015,1.01738024,0.856039032
PI533800,0.930200569,0.84656116,0.723291201,0.341179934,0.855293931,0.121840748,0.739578955,-0.092790135,-0.774463308,1.595183423,0.699170854,1.016355061,0.7804887
PI656106,-0.17889551,0.480236481,0.427282485,0.185213939,0.865444667,-0.082980344,0.866970967,0.143779871,-0.013681128,1.965902836,1.065490659,1.545438031,1.061628618
PI659696,0.498901556,0.065321122,0.719452663,-0.348540396,-0.509582947,-0.276067923,0.435419498,-0.32903103,-1.027429902,0.699147473,0.041311348,0.710147488,0.475535114
PI534128,-0.394518895,0.660243699,0.287750168,0.8657655,0.107632951,0.236314561,0.458303674,-0.067212085,-0.062304943,1.136832519,0.595173857,1.346242927,0.839626108
PI533755,2.161238324,0.937256965,0.920045279,1.093965127,0.776193324,-0.108976675,0.59132351,0.006896324,0.283023228,-0.43774164,0.257772444,0.292290161,0.707880299
PI656029,-0.820635808,-0.539883183,0.3440751,0.586365935,-0.160567778,-0.435709485,-0.526937854,-0.459966736,-1.112552809,-1.026840728,-0.896982746,-0.434967949,-1.491446215
PI34911,0.854986179,0.825534006,1.296704354,1.242970683,0.956277568,0.557149071,0.474963043,0.574188475,-0.068705924,-0.15347927,0.170840721,0.674642093,1.044286741
PI656017,1.416398601,1.050762541,0.320569173,0.248317288,0.326351915,0.103602987,0.95813265,1.032703972,2.101057932,2.064619231,0.109461566,0.790748502,0.312056925
PI533901,0.092832162,0.716651507,1.386305882,0.258584699,0.57133826,0.47738085,0.853893074,0.200259409,0.432595235,2.011203513,1.465219219,1.401298209,1.226445203
PI533788,0.734715676,0.979086558,0.570681439,0.621500193,0.110163605,0.232937829,0.539842867,0.710711945,0.435507544,0.726347158,-0.464702485,1.602997348,1.253029759
PI533954,0.610578755,0.750172634,0.865057124,0.052074632,-0.534037982,-0.119393382,0.53406008,-0.561142107,-0.478107577,-0.605593534,0.132550615,0.892471043,1.109096273
PI598070,0.792778929,-0.051707805,0.25324539,0.449044736,0.125214865,-0.326153182,0.295987133,0.037709591,1.333546882,1.044373756,-0.184650117,0.176925306,0.199254902
PI655999,0.584467742,0.188804843,0.018514312,0.620676182,0.310296021,-0.159975531,0.582724615,0.428441403,-0.612357065,-0.345104553,0.479383108,0.869912942,0.296139907
PI576401,-0.687199802,0.41255951,-0.115659794,0.038326331,-0.494271409,0.214103143,0.391623972,0.360248379,0.677410776,0.936613942,0.195743046,0.128396621,0.577447888
PI655982,0.183608291,-0.273562061,-1.268161896,0.417896522,-0.424496336,-0.299977842,0.667394281,-0.132736637,-0.739106367,-0.011062075,0.508882504,0.099013408,0.47168151
PI656021,2.181966554,0.393886282,0.557911359,0.743334427,-0.355045924,-0.069794856,0.341194227,0.824863167,0.971615551,0.120583379,0.054310484,-0.138150543,0.852398513
PI656028,-0.152352126,0.142520885,-0.812500425,-0.029256085,0.442820423,-0.011273204,0.22077953,-0.086553026,-0.070964903,-0.622106487,-0.030286,-0.826453146,-1.38514726
PI656008,0.548570257,0.143818178,0.784590207,0.134196095,0.544340529,-0.061011858,0.507873317,-0.224608004,-0.152446875,0.863182176,0.249159698,0.775367534,-0.139468844
PI576348,-0.407143212,0.382318797,-0.372695423,0.130472379,-0.189462066,0.085054437,0.645186145,0.815216476,0.682964392,0.448851167,0.170741682,0.415688387,0.465813856
PI656062,1.292277735,-0.301447505,0.777550203,-0.041380452,-0.520559673,-0.034875723,0.307263252,0.395045237,-0.407959006,-1.341266371,-0.385449589,-1.290868569,0.435850761
PI152651,0.336150133,0.627029379,0.771434053,1.223480926,-0.005169117,0.296462438,0.839392078,0.852412013,0.4568533,0.580736791,0.417314929,0.201512682,0.763363398
PI576359,1.051784336,0.374494932,1.17061303,1.528685362,1.095408239,0.546873073,0.702384408,0.623528643,-0.623010859,1.527458829,0.653322513,1.474313126,0.819360889
PI534096,1.019237254,0.42563278,-0.914906876,0.04481266,0.867609383,-0.242046253,0.377117729,0.431100361,-0.395434106,-0.104771832,0.35136308,0.502920226,-1.158356075
PI656019,1.377602645,0.311067539,0.787110268,1.128023471,-2.531379086,-0.100647688,0.423100202,0.578985632,0.034330904,0.003934478,0.067918475,0.114008836,0.227395067
PI597976,1.693928814,0.427493788,1.236989277,1.300565926,1.303561331,1.237528952,0.53043292,0.209017504,0.018188471,1.858526466,0.966469673,2.091291144,1.065231394
PI533863,-0.653646782,-0.209091543,-1.196964871,1.197108133,0.494888608,-0.159959002,0.414559818,0.504442125,0.51202938,0.012181446,-0.166370401,0.254798688,-1.172642624
PI656112,1.77830321,-0.639867475,-1.584234693,0.774775325,0.879673615,-0.762661075,-0.062575388,-1.179158647,-1.031170537,-0.994229417,-1.077650631,-0.570588992,-1.319808406
PI48770,2.089456713,1.012986278,1.213663999,1.002306796,0.558209134,0.569516965,1.010362895,0.839848647,0.27510335,1.320740067,0.860460505,1.847735933,0.944340417
PI656003,2.21519261,0.476196034,0.523087754,0.169873388,1.869681834,0.033765862,0.663252091,0.427733513,0.096147692,-1.074927099,-0.163497154,0.613423405,-1.194978783
PI542406,0.619856154,0.632134775,-0.22179329,0.994025083,1.388553243,0.435040042,0.435250073,0.845562989,1.919260711,0.392262692,0.628450401,1.50640815,0.952629574
PI655988,1.963071975,-0.157724793,0.569513672,0.208965471,1.474419517,-0.762870342,0.278893326,-0.055879374,-0.473576255,-0.40917737,0,-0.405881128,-1.00814741
PI656054,2.34738169,0.695815884,0.68297947,1.505124354,0.772760718,0.604403933,0.850399212,1.212199284,0.276483858,-0.238557415,-0.140558584,-0.149364779,0.324190905
PI329440,1.881366092,0,0.736826884,1.913209922,1.657252565,-0.207897521,0,-0.134628065,-0.277860054,0.339475969,0.59226613,0.111044249,0.340770859
PI659691,3.154350513,0.624678731,0.996154723,2.109446961,2.497653316,0.856473312,1.044114525,1.650796114,0.434014108,0.99877928,0.143323491,0.331761454,0.417736366
PI656115,2.302394639,-0.167038453,-1.361739871,2.344013378,1.55675917,0.093637437,0.0556728,-0.347006733,-1.148889083,-0.351977651,-0.241758535,-0.223916909,-0.856485755
PI534021,2.542791314,0.959645664,0.98527743,1.081120546,1.975125145,0.436136979,0.402087837,0.763970187,0.127713058,-0.33673291,0.159995715,0.386217126,0.52071293
PI534127,1.573486899,0.256383755,-1.274175409,0.302314959,1.951581134,-0.009747163,0.189833033,0.516455162,-0.37719742,-1.212045289,-0.265138764,-1.146659756,-1.190893297
PI534133,2.233709331,0.00646293,-0.936270364,1.008730235,1.919531988,-0.126389696,-0.202648786,-0.12295081,-0.724774928,-0.418792866,-0.127992967,0.069056182,-0.720792942
PI656120,2.418557573,0.144192652,-2.023788242,1.687842091,2.316544925,-0.064310393,0.480278997,0.556617553,0.057016578,-0.796948531,-0.436027037,-0.257097524,-0.883747302
PI656116,3.172744403,0.2028062,0.417802862,2.295109927,2.673033715,0.259261018,0.531685526,0.953322808,0.446692041,-1.201623264,0.121580693,0.513854429,0.25175342
PI595702,1.324105701,-0.535949799,-1.908988575,2.16995625,1.825002011,-0.399681877,0.027869823,-0.615127432,-0.305134926,-0.030003763,-0.256755404,-0.667130071,-1.544994276
PI576337,2.305086,-0.156305259,-1.079341468,2.32172248,1.142647285,-0.062059421,0.170696825,0.058501988,-0.054325649,0.100802513,-0.064909028,-0.152804623,-0.576990636
PI534139,3.716531104,-1.164879343,1.602961617,1.463976952,1.315387459,0.459948947,0.191617871,-0.511886238,-0.40224912,0.698385074,0.127019359,0.85077248,0.4521964
PI576347,3.718160185,0.310329365,1.315459786,3.161817083,2.577365218,0.508859369,0.7622784,0.001123275,-0.531138627,-0.055867604,1.066266742,2.008926165,1.318646427
PI533841,1.216210329,0.673181482,-1.894746642,2.23606047,2.580904516,0.588243933,0.443091236,0.633422538,0.043139527,0.448597201,0.45802473,0.121238384,0.604605179
PI656082,1.160968579,-0.762073153,-1.239840447,2.826080798,-0.154777314,0.199079921,-0.213359568,-0.7926329,-0.686614475,-1.127223049,0.290268708,1.069404838,0.351319445
PI655983,1.398039537,-0.18092666,0.178482119,1.265925581,2.56219177,-0.499988282,-0.227520152,0.4411567,-0.294338577,-0.776868367,-1.614215009,-0.742753806,-1.824764121
PI561073,1.561142235,-0.622038906,-2.431034381,0.990877612,0.368562878,0.589308325,-0.819336977,-1.045562984,-1.231067868,0.354209891,0.283812093,0.24409879,0.197754305
PI656052,3.084890836,-0.041667146,0.75537117,1.306116955,2.455648342,-0.03905564,0.031925674,0.546887919,-0.250339189,-1.679946816,-0.107105213,0.817204912,-1.43042285
PI533940,3.531826002,0.616372275,1.152656471,1.297787562,1.431689204,0.30400716,0.662971019,1.155696618,0.521222834,0.950858563,0.427131283,0.171722753,-0.331788394
PI533902,3.807326488,-0.339227223,0.223022202,1.752474853,2.642537935,-0.022549562,0.352632866,1.225361747,-0.13497494,-0.532176459,-0.105517295,0.06372679,-1.075506739
PI533948,0.836079664,-0.515480463,0.294094492,0.833997229,2.094465166,-0.123945921,-0.352405402,-0.512355605,-1.175103986,-1.360655684,0.201646135,-0.204478788,-0.592926365
PI534105,2.692754834,-0.3396674,0.347051404,0.891444342,2.440760866,-0.84395059,-0.832838965,0.228195688,-1.233481851,-1.909497858,-2.36796483,-1.04467975,-1.564228364
PI576386,1.813148527,0.744734626,0.927013516,3.707883187,1.480554562,0.826368195,0.827935249,1.210882698,0.486911379,0.465393741,0.046357741,1.327361065,0.801655928
PI533845,3.763102487,-0.498585555,-1.464427163,0.253817384,2.025381199,-0.634144582,-1.438712096,0.934190147,-1.298277872,-2.43643707,-2.802462012,-1.059179524,-1.340002693
PI576391,4.13247504,-0.158746845,-1.169738344,2.361630033,2.592490929,0.408105976,-0.093335104,-0.212090599,0.371863436,-1.093670222,0.488870249,0.119959936,0.376493717
PI656069,1.903956301,0.078562389,0.556188935,3.088550427,1.068436911,0.332802456,-0.205552228,1.032119446,0.922315868,0.760076549,-2.345158549,-0.234708535,-0.93748331
PI656066,1.397575017,-0.484524849,-1.972676714,2.007028166,1.747963016,-0.043288253,-1.517926082,0.075860807,-1.106293,-2.066774021,-0.290333462,-0.427945944,-1.150888173
PI533785,2.347939519,0.822565351,-1.811256108,2.828493408,1.221782813,1.256662328,0.371950261,1.859525239,0.828671346,2.352838754,0.151418848,1.489291672,0.475716643
PI656098,3.964788685,-0.747797822,-0.767158559,3.258070993,0.228031027,0.448332957,-0.629720022,0.142326217,0.015259907,0.658273177,0.208429148,-0.066379016,0.096534216
PI595720,2.176800609,-0.767668874,-0.949624338,2.270089774,2.205515514,0.834575246,-0.381828042,0.5895183,0.154185737,-1.525538779,0.384946564,0.341364999,0.366861173
PI656068,1.840742019,-2.941080821,-2.095742319,2.183638095,1.402455518,-0.103982818,-2.437456179,-1.520684735,-2.546194426,-2.107844048,-0.375149043,-0.899939173,-1.682731358
PI651496,2.66348405,-1.542834639,-0.177332196,0.945023362,1.896787058,-0.059647034,-0.930097273,-0.027132923,-0.786305067,-1.793405153,-0.213299756,-0.182453944,-1.506888458
PI533964,2.643036195,-0.688437383,-1.338714802,3.362228634,2.124765084,0.401605812,-0.432908432,0.792098072,-0.839275517,-2.024675081,-2.544048586,0.300337952,0.090933537
PI533807,3.30214754,-1.255291864,0.385303671,3.594840596,2.066542852,0.67533753,-1.24023832,0.792885711,2.081120044,1.629629495,-2.186881641,-1.293311474,-0.451677583
PI655989,3.530278579,-1.735035962,-1.493589393,2.855208738,1.148253924,0.072192176,-1.265119563,-0.577181653,-2.012962517,-2.435401844,-1.77573353,-1.322784542,-0.784032764
PI656088,2.787137954,-1.155496497,-1.773519784,1.966624829,1.860686556,0.900260987,-1.328935504,-0.365774759,-0.790953674,-0.916875312,0.323501873,-0.076316912,0.299587507
PI576376,3.357301224,-1.499726667,-1.509728569,1.390662773,1.476231415,-0.230409072,-0.902529465,-0.492274214,-1.063667013,-3.322784879,-0.238328724,-0.118395829,-1.023193996
PI534075,3.525120992,-0.024433817,-2.530609019,3.406626644,2.569925852,1.243583907,0.010260737,1.840914726,0.73057854,0.299141928,0.470035823,1.004709824,0.652134733
PI656105,2.340855182,-0.966838716,-1.896421029,2.161103036,2.723304129,0.373753147,-1.006816203,0.73190623,-1.2102265,-2.848495058,-0.478442886,-1.010052686,-1.870701773
PI656090,2.331371765,-1.15254169,-2.730021653,1.01824004,2.601778702,0.60008347,-0.595633075,1.272376743,-1.587776756,-2.806644472,-0.391185079,-0.9113999,-1.20521017
PI656108,3.453007698,-0.371148059,1.056946879,3.64370365,3.261295509,0.151880124,-0.329573844,1.363644278,2.952388105,3.198616909,-0.544376823,-0.46565836,-1.777381097
PI597965,3.021612761,-2.29980832,-1.897191875,0.936065636,0.547596499,-0.028548709,-2.056102892,-0.431468227,-1.539304458,-3.038401713,-3.061996624,-1.024410477,-1.732927367
PI656022,3.293855838,-1.04901863,-0.326370383,3.178379399,1.554667516,0.360760109,-1.422235433,0.556999785,-1.108929458,-2.567200852,-3.184353429,-1.466449738,-2.142183583
PI585291,3.160881046,-1.051963288,-0.344541502,3.281146155,1.856915333,-0.333426922,-0.991791368,1.016876717,-0.604869166,-2.062402951,-3.834336669,-1.500057537,-2.288877197
PI656048,2.999598724,-0.794621962,-2.222057975,3.021275763,2.688964981,0.388477635,-1.062982418,1.139366741,-0.028849304,-1.591703845,-3.642991932,-1.196120633,-2.18407879
PI533866,3.365457925,-0.412487501,-3.096136649,1.942622435,1.748989504,0.172777062,-0.387645116,1.129869841,-0.225050019,-1.347504089,-0.474008915,-0.699416014,-1.806541672
PI329435,2.694987202,-0.352793494,-3.466688979,1.735048902,2.430810339,-0.634583789,-1.079817744,0.992758981,-0.357100035,-2.197625371,-3.592672627,-0.903537134,-3.098227466
PI656113,1.809009432,-1.424266762,-0.640745585,3.727260739,1.35098799,1.226152945,-0.885983683,0.110273702,-1.220140008,-1.895849817,-0.658676046,-0.703540426,0.320795217
PI656071,3.058328643,-0.076791573,-3.524846405,1.625828027,1.979606342,0.616121402,-0.785891849,0.874274395,-0.361538849,-1.881680493,-2.540582289,-0.798745516,-1.633851085
PI656025,3.511550314,-0.623119541,0.317613246,2.325998471,1.259479431,1.03758245,0.329509497,1.15813528,3.100033566,2.49980219,0.252211604,0.788830187,0.591058629
PI656074,2.831189771,-0.663450838,-2.587808272,2.473526221,1.839063749,0.049539409,-0.882197315,0.431452376,-0.992437281,-2.912976595,-2.265405773,-0.324327109,-1.806478323
PI597958,1.140415996,-4.442496931,-4.509443524,-0.554767576,-0.22986088,-1.105295823,-3.10347904,-2.163476263,-2.370351029,-4.415834303,-4.736981698,-3.683392868,-3.753473681
PI656015,3.839238533,-0.655103985,1.030879846,3.114290613,1.687690741,0.647160615,-0.341126545,1.120054232,0.021951741,-1.599009205,-0.012015946,1.705179905,0.192291066
PI641836,2.77014019,-1.683464293,-3.697814039,2.428583997,1.707256202,-0.558582145,-1.076689372,0.24577336,-1.244208381,-3.420114354,-3.900148552,-1.653793495,-2.609355242
PI533762,3.583212999,-1.165787991,-2.664383176,3.607914626,1.878343507,0.794396718,-1.009341721,0.395465734,-0.629831617,-2.495116467,-0.183298617,-0.12677595,-0.377701636
PI534135,3.386636271,-0.952444827,0.894020362,2.965856325,2.392356915,1.22680099,-0.335898694,0.817964152,0.459839666,-1.674886151,-1.607309592,-0.298556374,0.703301833
PI656057,3.886467983,-0.863061515,1.238478959,3.699242195,2.133801847,0.935170996,-0.210902486,0.607355848,-0.780962448,-2.759536921,-1.358215119,0.57044623,0.466293503
PI533759,3.89090169,0.207726581,0.920474752,4.782911433,2.699575727,1.286771556,-0.12696584,1.746078159,0.00861494,1.337055631,-3.238876879,-0.540299509,0.49833608
PI533814,3.390329104,-1.399054882,-2.354227397,3.737364216,0.440485401,0.998260313,-0.396462536,0.367899278,-0.643395373,-2.459919872,-1.285237284,-0.576327859,0.25270978
PI534097,2.866259074,-1.667438653,0.016340146,3.018168861,1.64371555,0.239810082,-1.208607733,-0.922920053,-0.508746548,-2.986396084,-2.343593933,-0.417984423,-1.39523157
PI641874,3.597785125,-0.366255489,-1.874339431,2.846954716,2.62285791,1.221331694,-0.110334801,1.357177695,0.831395692,1.048162093,-2.086736766,-0.493766853,0.564251216
PI576345,3.555015392,-0.641765542,-2.809425299,3.656470735,2.620608168,-0.022384664,-0.602732542,1.133074109,-0.383134479,-1.428220705,-4.262671797,-0.762895773,-1.637415911